row,folder,file,d43_filename,d44_res,d44_plays,d44_dur>60,d45_size<30,d45_bitrate,d7_deadair,d6_hum,lufs,auto_status,E1_cap-covers-picture,E2_cap-not-split-synced,E3_cap-font-shrunk,E4_tofu-in-captions,E5_tofu-end-card,E8_tts-homograph,E9_narrator-quotes-kjv,E10_jesus-not-exact-kjv,E12_face-visible-where-withheld,E13_face-inconsistent,E14_caucasian-jesus,E15_halo-glow,E16_brown-mantle-variance,E17_wrong-limb-count,E18_duplicate-character,E19_look-drift,E20_trait-not-reading,E21_trait-caricature,E22_wrong-scale,E23_on-the-water,E24_direction-vs-narration,E25_action-wrong,E26_lighting-wrong-tod,E27_figure-out-of-place,E28_gore-wet-tears,E29_embodied-satan,E30_shame-no-mercy,E31_fear-closing-card,E32_child-in-peril,E33_not-10yo-safe,E34_style-drift,E35_ai-clip-in-stills,E36_gibberish-text,E37_modern-objects,E38_ref-portrait-collapse,E39_must-show-missing,E40_must-never-show-present,E41_verse-card-source,E42_closing-q-vs-seed,E46_narrator-not-plain,E47_not-carried-to-final-verse,E48_sacred-silence-missing
1,build-01-cloak,mark-5_woman-touches-his-cloak.mp4,PASS,PASS,PASS,PASS,PASS,PASS,PASS,PASS,PASS(-16.8),PASS,EYES,EYES,EYES,EYES,EYES,EYES,EYES,EYES,EYES,EYES,EYES,EYES,EYES,EYES,EYES,EYES,EYES,EYES,EYES,EYES,EYES,EYES,EYES,EYES,EYES,EYES,EYES,EYES,EYES,EYES,EYES,EYES,EYES,EYES,EYES,EYES,EYES,EYES,EYES,EYES,EYES,EYES
2,build-02-prodigal,luke-15_prodigal-son.mp4,PASS,PASS,PASS,PASS,PASS,PASS,PASS,PASS,PASS(-16.5),PASS,EYES,EYES,EYES,EYES,EYES,EYES,EYES,EYES,EYES,EYES,EYES,EYES,EYES,EYES,EYES,EYES,EYES,EYES,EYES,EYES,EYES,EYES,EYES,EYES,EYES,EYES,EYES,EYES,EYES,EYES,EYES,EYES,EYES,EYES,EYES,EYES,EYES,EYES,EYES,EYES,EYES,EYES
3,build-03-zacchaeus,luke-19_zacchaeus.mp4,PASS,PASS,PASS,PASS,PASS,PASS,PASS,PASS,PASS(-14.8),PASS,EYES,EYES,EYES,EYES,EYES,EYES,EYES,EYES,EYES,EYES,EYES,EYES,EYES,EYES,EYES,EYES,EYES,EYES,EYES,EYES,EYES,EYES,EYES,EYES,EYES,EYES,EYES,EYES,EYES,EYES,EYES,EYES,EYES,EYES,EYES,EYES,EYES,EYES,EYES,EYES,EYES,EYES
4,build-04-nicodemus,john-3_nicodemus.mp4,PASS,PASS,PASS,PASS,PASS,PASS,PASS,PASS,PASS(-16.8),PASS,EYES,EYES,EYES,EYES,EYES,EYES,EYES,EYES,EYES,EYES,EYES,EYES,EYES,EYES,EYES,EYES,EYES,EYES,EYES,EYES,EYES,EYES,EYES,EYES,EYES,EYES,EYES,EYES,EYES,EYES,EYES,EYES,EYES,EYES,EYES,EYES,EYES,EYES,EYES,EYES,EYES,EYES
5,build-05-bent-woman,luke-13_bent-woman.mp4,PASS,PASS,PASS,PASS,PASS,PASS,PASS,PASS,PASS(-16.7),PASS,EYES,EYES,EYES,EYES,EYES,EYES,EYES,EYES,EYES,EYES,EYES,EYES,EYES,EYES,EYES,EYES,EYES,EYES,EYES,EYES,EYES,EYES,EYES,EYES,EYES,EYES,EYES,EYES,EYES,EYES,EYES,EYES,EYES,EYES,EYES,EYES,EYES,EYES,EYES,EYES,EYES,EYES
6,build-06-two-sons,matthew-21_two-sons.mp4,PASS,PASS,PASS,PASS,PASS,PASS,PASS,PASS,PASS(-16.7),PASS,EYES,EYES,EYES,EYES,EYES,EYES,EYES,EYES,EYES,EYES,EYES,EYES,EYES,EYES,EYES,EYES,EYES,EYES,EYES,EYES,EYES,EYES,EYES,EYES,EYES,EYES,EYES,EYES,EYES,EYES,EYES,EYES,EYES,EYES,EYES,EYES,EYES,EYES,EYES,EYES,EYES,EYES
7,build-07-peter-water,matthew-14_peter-walks-on-water.mp4,PASS,PASS,PASS,PASS,PASS,PASS,MINOR(2.56s),PASS,PASS(-14.8),MINOR,EYES,EYES,EYES,EYES,EYES,EYES,EYES,EYES,EYES,EYES,EYES,EYES,EYES,EYES,EYES,EYES,EYES,EYES,EYES,EYES,EYES,EYES,EYES,EYES,EYES,EYES,EYES,EYES,EYES,EYES,EYES,EYES,EYES,EYES,EYES,EYES,EYES,EYES,EYES,EYES,EYES,EYES
8,build-08-lost-coin,luke-15_lost-coin.mp4,PASS,PASS,PASS,FAIL(56s),PASS,PASS,FAIL(10.85s),PASS,CHECK(-21.1),FAIL,EYES,EYES,EYES,EYES,EYES,EYES,EYES,EYES,EYES,EYES,EYES,EYES,EYES,EYES,EYES,EYES,EYES,EYES,EYES,EYES,EYES,EYES,EYES,EYES,EYES,EYES,EYES,EYES,EYES,EYES,EYES,EYES,EYES,EYES,EYES,EYES,EYES,EYES,EYES,EYES,EYES,EYES
9,build-09-rich-ruler,mark-10_rich-young-ruler.mp4,PASS,PASS,PASS,PASS,PASS,PASS,MINOR(2.52s),PASS,PASS(-16.6),MINOR,EYES,EYES,EYES,EYES,EYES,EYES,EYES,EYES,EYES,EYES,EYES,EYES,EYES,EYES,EYES,EYES,EYES,EYES,EYES,EYES,EYES,EYES,EYES,EYES,EYES,EYES,EYES,EYES,EYES,EYES,EYES,EYES,EYES,EYES,EYES,EYES,EYES,EYES,EYES,EYES,EYES,EYES
10,build-10-well,john-4_woman-at-the-well.mp4,PASS,PASS,PASS,PASS,PASS,PASS,PASS,PASS,PASS(-16.5),PASS,EYES,EYES,EYES,EYES,EYES,EYES,EYES,EYES,EYES,EYES,EYES,EYES,EYES,EYES,EYES,EYES,EYES,EYES,EYES,EYES,EYES,EYES,EYES,EYES,EYES,EYES,EYES,EYES,EYES,EYES,EYES,EYES,EYES,EYES,EYES,EYES,EYES,EYES,EYES,EYES,EYES,EYES
11,build-11-storm,mark-4_calming-the-storm.mp4,PASS,PASS,PASS,PASS,PASS,PASS,MINOR(2.84s),PASS,PASS(-16.7),MINOR,EYES,EYES,EYES,EYES,EYES,EYES,EYES,EYES,EYES,EYES,EYES,EYES,EYES,EYES,EYES,EYES,EYES,EYES,EYES,EYES,EYES,EYES,EYES,EYES,EYES,EYES,EYES,EYES,EYES,EYES,EYES,EYES,EYES,EYES,EYES,EYES,EYES,EYES,EYES,EYES,EYES,EYES
12,build-12-bartimaeus,mark-10_bartimaeus.mp4,PASS,PASS,PASS,PASS,PASS,PASS,PASS,PASS,PASS(-16.6),PASS,EYES,EYES,EYES,EYES,EYES,EYES,EYES,EYES,EYES,EYES,EYES,EYES,EYES,EYES,EYES,EYES,EYES,EYES,EYES,EYES,EYES,EYES,EYES,EYES,EYES,EYES,EYES,EYES,EYES,EYES,EYES,EYES,EYES,EYES,EYES,EYES,EYES,EYES,EYES,EYES,EYES,EYES
13,build-13-roof,mark-2_man-through-the-roof.mp4,PASS,PASS,PASS,PASS,PASS,PASS,PASS,PASS,PASS(-16.6),PASS,EYES,EYES,EYES,EYES,EYES,EYES,EYES,EYES,EYES,EYES,EYES,EYES,EYES,EYES,EYES,EYES,EYES,EYES,EYES,EYES,EYES,EYES,EYES,EYES,EYES,EYES,EYES,EYES,EYES,EYES,EYES,EYES,EYES,EYES,EYES,EYES,EYES,EYES,EYES,EYES,EYES,EYES
14,build-14-ten-lepers,luke-17_ten-lepers.mp4,PASS,PASS,PASS,PASS,PASS,PASS,MINOR(3.35s),PASS,PASS(-16.7),MINOR,EYES,EYES,EYES,EYES,EYES,EYES,EYES,EYES,EYES,EYES,EYES,EYES,EYES,EYES,EYES,EYES,EYES,EYES,EYES,EYES,EYES,EYES,EYES,EYES,EYES,EYES,EYES,EYES,EYES,EYES,EYES,EYES,EYES,EYES,EYES,EYES,EYES,EYES,EYES,EYES,EYES,EYES
15,build-15-centurion,matthew-8_centurion.mp4,PASS,PASS,PASS,PASS,PASS,PASS,MINOR(2.70s),PASS,PASS(-16.8),MINOR,EYES,EYES,EYES,EYES,EYES,EYES,EYES,EYES,EYES,EYES,EYES,EYES,EYES,EYES,EYES,EYES,EYES,EYES,EYES,EYES,EYES,EYES,EYES,EYES,EYES,EYES,EYES,EYES,EYES,EYES,EYES,EYES,EYES,EYES,EYES,EYES,EYES,EYES,EYES,EYES,EYES,EYES
16,build-16-mary-martha,luke-10_mary-and-martha.mp4,PASS,PASS,PASS,PASS,PASS,PASS,MINOR(2.83s),PASS,PASS(-16.8),MINOR,EYES,EYES,EYES,EYES,EYES,EYES,EYES,EYES,EYES,EYES,EYES,EYES,EYES,EYES,EYES,EYES,EYES,EYES,EYES,EYES,EYES,EYES,EYES,EYES,EYES,EYES,EYES,EYES,EYES,EYES,EYES,EYES,EYES,EYES,EYES,EYES,EYES,EYES,EYES,EYES,EYES,EYES
17,build-17-lazarus,john-11_lazarus.mp4,PASS,PASS,PASS,PASS,PASS,PASS,PASS,PASS,PASS(-16.6),PASS,EYES,EYES,EYES,EYES,EYES,EYES,EYES,EYES,EYES,EYES,EYES,EYES,EYES,EYES,EYES,EYES,EYES,EYES,EYES,EYES,EYES,EYES,EYES,EYES,EYES,EYES,EYES,EYES,EYES,EYES,EYES,EYES,EYES,EYES,EYES,EYES,EYES,EYES,EYES,EYES,EYES,EYES
18,build-18-emmaus,luke-24_emmaus.mp4,PASS,PASS,PASS,PASS,PASS,PASS,PASS,PASS,PASS(-16.6),PASS,EYES,EYES,EYES,EYES,EYES,EYES,EYES,EYES,EYES,EYES,EYES,EYES,EYES,EYES,EYES,EYES,EYES,EYES,EYES,EYES,EYES,EYES,EYES,EYES,EYES,EYES,EYES,EYES,EYES,EYES,EYES,EYES,EYES,EYES,EYES,EYES,EYES,EYES,EYES,EYES,EYES,EYES
19,build-19-shore,john-21_shore.mp4,PASS,PASS,PASS,PASS,PASS,PASS,MINOR(2.78s),PASS,PASS(-16.6),MINOR,EYES,EYES,EYES,EYES,EYES,EYES,EYES,EYES,EYES,EYES,EYES,EYES,EYES,EYES,EYES,EYES,EYES,EYES,EYES,EYES,EYES,EYES,EYES,EYES,EYES,EYES,EYES,EYES,EYES,EYES,EYES,EYES,EYES,EYES,EYES,EYES,EYES,EYES,EYES,EYES,EYES,EYES
20,build-20-samaritan,luke-10_samaritan.mp4,PASS,PASS,PASS,PASS,PASS,PASS,MINOR(2.76s),PASS,PASS(-16.7),MINOR,EYES,EYES,EYES,EYES,EYES,EYES,EYES,EYES,EYES,EYES,EYES,EYES,EYES,EYES,EYES,EYES,EYES,EYES,EYES,EYES,EYES,EYES,EYES,EYES,EYES,EYES,EYES,EYES,EYES,EYES,EYES,EYES,EYES,EYES,EYES,EYES,EYES,EYES,EYES,EYES,EYES,EYES
21,build-21-lost-sheep,luke-15_lost-sheep.mp4,PASS,PASS,PASS,PASS,PASS,PASS,MINOR(2.78s),PASS,PASS(-14.8),MINOR,EYES,EYES,EYES,EYES,EYES,EYES,EYES,EYES,EYES,EYES,EYES,EYES,EYES,EYES,EYES,EYES,EYES,EYES,EYES,EYES,EYES,EYES,EYES,EYES,EYES,EYES,EYES,EYES,EYES,EYES,EYES,EYES,EYES,EYES,EYES,EYES,EYES,EYES,EYES,EYES,EYES,EYES
22,build-22-unmerciful-servant,matthew-18_unmerciful-servant.mp4,PASS,PASS,PASS,PASS,PASS,PASS,PASS,PASS,PASS(-16.6),PASS,EYES,EYES,EYES,EYES,EYES,EYES,EYES,EYES,EYES,EYES,EYES,EYES,EYES,EYES,EYES,EYES,EYES,EYES,EYES,EYES,EYES,EYES,EYES,EYES,EYES,EYES,EYES,EYES,EYES,EYES,EYES,EYES,EYES,EYES,EYES,EYES,EYES,EYES,EYES,EYES,EYES,EYES
23,build-23-vineyard,matthew-20_vineyard-workers.mp4,PASS,PASS,PASS,PASS,PASS,PASS,MINOR(2.77s),PASS,PASS(-14.8),MINOR,EYES,EYES,EYES,EYES,EYES,EYES,EYES,EYES,EYES,EYES,EYES,EYES,EYES,EYES,EYES,EYES,EYES,EYES,EYES,EYES,EYES,EYES,EYES,EYES,EYES,EYES,EYES,EYES,EYES,EYES,EYES,EYES,EYES,EYES,EYES,EYES,EYES,EYES,EYES,EYES,EYES,EYES
24,build-24-sower,matthew-13_sower.mp4,PASS,PASS,PASS,PASS,PASS,PASS,MINOR(2.81s),PASS,PASS(-14.8),MINOR,EYES,EYES,EYES,EYES,EYES,EYES,EYES,EYES,EYES,EYES,EYES,EYES,EYES,EYES,EYES,EYES,EYES,EYES,EYES,EYES,EYES,EYES,EYES,EYES,EYES,EYES,EYES,EYES,EYES,EYES,EYES,EYES,EYES,EYES,EYES,EYES,EYES,EYES,EYES,EYES,EYES,EYES
25,build-25-wheat-and-tares,matthew-13_wheat-and-tares.mp4,PASS,PASS,PASS,PASS,PASS,PASS,MINOR(2.80s),PASS,PASS(-14.8),MINOR,EYES,EYES,EYES,EYES,EYES,EYES,EYES,EYES,EYES,EYES,EYES,EYES,EYES,EYES,EYES,EYES,EYES,EYES,EYES,EYES,EYES,EYES,EYES,EYES,EYES,EYES,EYES,EYES,EYES,EYES,EYES,EYES,EYES,EYES,EYES,EYES,EYES,EYES,EYES,EYES,EYES,EYES
26,build-26-mustard-seed,matthew-13_mustard-seed.mp4,PASS,PASS,PASS,PASS,PASS,PASS,PASS,PASS,PASS(-16.5),PASS,EYES,EYES,EYES,EYES,EYES,EYES,EYES,EYES,EYES,EYES,EYES,EYES,EYES,EYES,EYES,EYES,EYES,EYES,EYES,EYES,EYES,EYES,EYES,EYES,EYES,EYES,EYES,EYES,EYES,EYES,EYES,EYES,EYES,EYES,EYES,EYES,EYES,EYES,EYES,EYES,EYES,EYES
27,build-27-leaven,matthew-13_leaven.mp4,PASS,PASS,PASS,PASS,PASS,PASS,MINOR(2.80s),PASS,PASS(-14.8),MINOR,EYES,EYES,EYES,EYES,EYES,EYES,EYES,EYES,EYES,EYES,EYES,EYES,EYES,EYES,EYES,EYES,EYES,EYES,EYES,EYES,EYES,EYES,EYES,EYES,EYES,EYES,EYES,EYES,EYES,EYES,EYES,EYES,EYES,EYES,EYES,EYES,EYES,EYES,EYES,EYES,EYES,EYES
28,build-28-hidden-treasure,matthew-13_hidden-treasure.mp4,PASS,PASS,PASS,PASS,PASS,PASS,PASS,PASS,PASS(-16.6),PASS,EYES,EYES,EYES,EYES,EYES,EYES,EYES,EYES,EYES,EYES,EYES,EYES,EYES,EYES,EYES,EYES,EYES,EYES,EYES,EYES,EYES,EYES,EYES,EYES,EYES,EYES,EYES,EYES,EYES,EYES,EYES,EYES,EYES,EYES,EYES,EYES,EYES,EYES,EYES,EYES,EYES,EYES
29,build-29-pearl,matthew-13_pearl-of-great-price.mp4,PASS,PASS,PASS,PASS,PASS,PASS,MINOR(2.77s),PASS,PASS(-16.7),MINOR,EYES,EYES,EYES,EYES,EYES,EYES,EYES,EYES,EYES,EYES,EYES,EYES,EYES,EYES,EYES,EYES,EYES,EYES,EYES,EYES,EYES,EYES,EYES,EYES,EYES,EYES,EYES,EYES,EYES,EYES,EYES,EYES,EYES,EYES,EYES,EYES,EYES,EYES,EYES,EYES,EYES,EYES
30,build-30-net,matthew-13_the-net.mp4,PASS,PASS,PASS,PASS,PASS,PASS,MINOR(2.81s),PASS,PASS(-14.8),MINOR,EYES,EYES,EYES,EYES,EYES,EYES,EYES,EYES,EYES,EYES,EYES,EYES,EYES,EYES,EYES,EYES,EYES,EYES,EYES,EYES,EYES,EYES,EYES,EYES,EYES,EYES,EYES,EYES,EYES,EYES,EYES,EYES,EYES,EYES,EYES,EYES,EYES,EYES,EYES,EYES,EYES,EYES
31,build-31-ten-virgins,matthew-25_ten-virgins.mp4,PASS,PASS,PASS,PASS,PASS,PASS,PASS,PASS,PASS(-16.5),PASS,EYES,EYES,EYES,EYES,EYES,EYES,EYES,EYES,EYES,EYES,EYES,EYES,EYES,EYES,EYES,EYES,EYES,EYES,EYES,EYES,EYES,EYES,EYES,EYES,EYES,EYES,EYES,EYES,EYES,EYES,EYES,EYES,EYES,EYES,EYES,EYES,EYES,EYES,EYES,EYES,EYES,EYES
32,build-32-talents,matthew-25_talents.mp4,PASS,PASS,PASS,PASS,PASS,PASS,MINOR(2.78s),PASS,PASS(-14.8),MINOR,EYES,EYES,EYES,EYES,EYES,EYES,EYES,EYES,EYES,EYES,EYES,EYES,EYES,EYES,EYES,EYES,EYES,EYES,EYES,EYES,EYES,EYES,EYES,EYES,EYES,EYES,EYES,EYES,EYES,EYES,EYES,EYES,EYES,EYES,EYES,EYES,EYES,EYES,EYES,EYES,EYES,EYES
33,build-33-sheep-goats,matthew-25_sheep-and-goats.mp4,PASS,PASS,PASS,PASS,PASS,PASS,MINOR(2.78s),PASS,PASS(-14.8),MINOR,EYES,EYES,EYES,EYES,EYES,EYES,EYES,EYES,EYES,EYES,EYES,EYES,EYES,EYES,EYES,EYES,EYES,EYES,EYES,EYES,EYES,EYES,EYES,EYES,EYES,EYES,EYES,EYES,EYES,EYES,EYES,EYES,EYES,EYES,EYES,EYES,EYES,EYES,EYES,EYES,EYES,EYES
34,build-34-rich-fool,luke-12_rich-fool.mp4,PASS,PASS,PASS,PASS,PASS,PASS,PASS,PASS,PASS(-16.4),PASS,EYES,EYES,EYES,EYES,EYES,EYES,EYES,EYES,EYES,EYES,EYES,EYES,EYES,EYES,EYES,EYES,EYES,EYES,EYES,EYES,EYES,EYES,EYES,EYES,EYES,EYES,EYES,EYES,EYES,EYES,EYES,EYES,EYES,EYES,EYES,EYES,EYES,EYES,EYES,EYES,EYES,EYES
35,build-35-great-banquet,luke-14_great-banquet.mp4,PASS,PASS,PASS,PASS,PASS,PASS,MINOR(2.79s),PASS,PASS(-14.8),MINOR,EYES,EYES,EYES,EYES,EYES,EYES,EYES,EYES,EYES,EYES,EYES,EYES,EYES,EYES,EYES,EYES,EYES,EYES,EYES,EYES,EYES,EYES,EYES,EYES,EYES,EYES,EYES,EYES,EYES,EYES,EYES,EYES,EYES,EYES,EYES,EYES,EYES,EYES,EYES,EYES,EYES,EYES
36,build-36-shrewd-steward,luke-16_shrewd-steward.mp4,PASS,PASS,PASS,PASS,PASS,PASS,MINOR(2.78s),PASS,PASS(-14.8),MINOR,EYES,EYES,EYES,EYES,EYES,EYES,EYES,EYES,EYES,EYES,EYES,EYES,EYES,EYES,EYES,EYES,EYES,EYES,EYES,EYES,EYES,EYES,EYES,EYES,EYES,EYES,EYES,EYES,EYES,EYES,EYES,EYES,EYES,EYES,EYES,EYES,EYES,EYES,EYES,EYES,EYES,EYES
37,build-37-rich-man-lazarus,luke-16_rich-man-lazarus.mp4,PASS,PASS,PASS,PASS,PASS,PASS,PASS,PASS,PASS(-16.6),PASS,EYES,EYES,EYES,EYES,EYES,EYES,EYES,EYES,EYES,EYES,EYES,EYES,EYES,EYES,EYES,EYES,EYES,EYES,EYES,EYES,EYES,EYES,EYES,EYES,EYES,EYES,EYES,EYES,EYES,EYES,EYES,EYES,EYES,EYES,EYES,EYES,EYES,EYES,EYES,EYES,EYES,EYES
38,build-38-persistent-widow,luke-18_persistent-widow.mp4,PASS,PASS,PASS,PASS,PASS,PASS,MINOR(2.84s),PASS,PASS(-14.7),MINOR,EYES,EYES,EYES,EYES,EYES,EYES,EYES,EYES,EYES,EYES,EYES,EYES,EYES,EYES,EYES,EYES,EYES,EYES,EYES,EYES,EYES,EYES,EYES,EYES,EYES,EYES,EYES,EYES,EYES,EYES,EYES,EYES,EYES,EYES,EYES,EYES,EYES,EYES,EYES,EYES,EYES,EYES
39,build-39-the-pharisee-and-the-publican,luke-18_pharisee-and-publican.mp4,PASS,PASS,PASS,PASS,PASS,PASS,PASS,PASS,PASS(-14.8),PASS,EYES,EYES,EYES,EYES,EYES,EYES,EYES,EYES,EYES,EYES,EYES,EYES,EYES,EYES,EYES,EYES,EYES,EYES,EYES,EYES,EYES,EYES,EYES,EYES,EYES,EYES,EYES,EYES,EYES,EYES,EYES,EYES,EYES,EYES,EYES,EYES,EYES,EYES,EYES,EYES,EYES,EYES
40,build-40-the-friend-at-midnight,luke-11_friend-at-midnight.mp4,PASS,PASS,PASS,PASS,PASS,PASS,PASS,PASS,PASS(-14.8),PASS,EYES,EYES,EYES,EYES,EYES,EYES,EYES,EYES,EYES,EYES,EYES,EYES,EYES,EYES,EYES,EYES,EYES,EYES,EYES,EYES,EYES,EYES,EYES,EYES,EYES,EYES,EYES,EYES,EYES,EYES,EYES,EYES,EYES,EYES,EYES,EYES,EYES,EYES,EYES,EYES,EYES,EYES
41,build-41-counting-the-cost,luke-14_counting-the-cost.mp4,PASS,PASS,PASS,PASS,PASS,PASS,PASS,PASS,PASS(-14.8),PASS,EYES,EYES,EYES,EYES,EYES,EYES,EYES,EYES,EYES,EYES,EYES,EYES,EYES,EYES,EYES,EYES,EYES,EYES,EYES,EYES,EYES,EYES,EYES,EYES,EYES,EYES,EYES,EYES,EYES,EYES,EYES,EYES,EYES,EYES,EYES,EYES,EYES,EYES,EYES,EYES,EYES,EYES
42,build-42-barren-fig-tree,luke-13_barren-fig-tree.mp4,PASS,PASS,PASS,PASS,PASS,PASS,PASS,PASS,PASS(-14.8),PASS,EYES,EYES,EYES,EYES,EYES,EYES,EYES,EYES,EYES,EYES,EYES,EYES,EYES,EYES,EYES,EYES,EYES,EYES,EYES,EYES,EYES,EYES,EYES,EYES,EYES,EYES,EYES,EYES,EYES,EYES,EYES,EYES,EYES,EYES,EYES,EYES,EYES,EYES,EYES,EYES,EYES,EYES
43,build-43-the-wedding-garment,matthew-22_wedding-garment.mp4,PASS,PASS,PASS,PASS,PASS,PASS,PASS,PASS,PASS(-14.8),PASS,EYES,EYES,EYES,EYES,EYES,EYES,EYES,EYES,EYES,EYES,EYES,EYES,EYES,EYES,EYES,EYES,EYES,EYES,EYES,EYES,EYES,EYES,EYES,EYES,EYES,EYES,EYES,EYES,EYES,EYES,EYES,EYES,EYES,EYES,EYES,EYES,EYES,EYES,EYES,EYES,EYES,EYES
44,build-44-two-debtors,luke-7_two-debtors.mp4,PASS,PASS,PASS,PASS,PASS,PASS,PASS,PASS,PASS(-14.8),PASS,EYES,EYES,EYES,EYES,EYES,EYES,EYES,EYES,EYES,EYES,EYES,EYES,EYES,EYES,EYES,EYES,EYES,EYES,EYES,EYES,EYES,EYES,EYES,EYES,EYES,EYES,EYES,EYES,EYES,EYES,EYES,EYES,EYES,EYES,EYES,EYES,EYES,EYES,EYES,EYES,EYES,EYES
45,build-45-wicked-tenants,mark-12_wicked-tenants.mp4,PASS,PASS,PASS,PASS,PASS,PASS,PASS,PASS,PASS(-14.8),PASS,EYES,EYES,EYES,EYES,EYES,EYES,EYES,EYES,EYES,EYES,EYES,EYES,EYES,EYES,EYES,EYES,EYES,EYES,EYES,EYES,EYES,EYES,EYES,EYES,EYES,EYES,EYES,EYES,EYES,EYES,EYES,EYES,EYES,EYES,EYES,EYES,EYES,EYES,EYES,EYES,EYES,EYES
46,build-46-seed-growing,mark-4_seed-growing.mp4,PASS,PASS,PASS,PASS,PASS,PASS,PASS,PASS,PASS(-14.8),PASS,EYES,EYES,EYES,EYES,EYES,EYES,EYES,EYES,EYES,EYES,EYES,EYES,EYES,EYES,EYES,EYES,EYES,EYES,EYES,EYES,EYES,EYES,EYES,EYES,EYES,EYES,EYES,EYES,EYES,EYES,EYES,EYES,EYES,EYES,EYES,EYES,EYES,EYES,EYES,EYES,EYES,EYES
47,build-47-houses-on-rock-and-sand,matthew-7_houses-on-rock-and-sand.mp4,PASS,PASS,PASS,PASS,PASS,PASS,PASS,PASS,PASS(-14.8),PASS,EYES,EYES,EYES,EYES,EYES,EYES,EYES,EYES,EYES,EYES,EYES,EYES,EYES,EYES,EYES,EYES,EYES,EYES,EYES,EYES,EYES,EYES,EYES,EYES,EYES,EYES,EYES,EYES,EYES,EYES,EYES,EYES,EYES,EYES,EYES,EYES,EYES,EYES,EYES,EYES,EYES,EYES
48,build-48-new-wine-old-bottles,mark-2_new-wine-old-bottles.mp4,PASS,PASS,PASS,PASS,PASS,PASS,PASS,PASS,PASS(-16.7),PASS,EYES,EYES,EYES,EYES,EYES,EYES,EYES,EYES,EYES,EYES,EYES,EYES,EYES,EYES,EYES,EYES,EYES,EYES,EYES,EYES,EYES,EYES,EYES,EYES,EYES,EYES,EYES,EYES,EYES,EYES,EYES,EYES,EYES,EYES,EYES,EYES,EYES,EYES,EYES,EYES,EYES,EYES
49,build-49-water-to-wine,john-2_water-to-wine.mp4,PASS,PASS,PASS,PASS,PASS,PASS,PASS,PASS,PASS(-16.7),PASS,EYES,EYES,EYES,EYES,EYES,EYES,EYES,EYES,EYES,EYES,EYES,EYES,EYES,EYES,EYES,EYES,EYES,EYES,EYES,EYES,EYES,EYES,EYES,EYES,EYES,EYES,EYES,EYES,EYES,EYES,EYES,EYES,EYES,EYES,EYES,EYES,EYES,EYES,EYES,EYES,EYES,EYES
50,build-50-noblemans-son,john-4_noblemans-son.mp4,PASS,PASS,PASS,PASS,PASS,PASS,PASS,PASS,PASS(-16.7),PASS,EYES,EYES,EYES,EYES,EYES,EYES,EYES,EYES,EYES,EYES,EYES,EYES,EYES,EYES,EYES,EYES,EYES,EYES,EYES,EYES,EYES,EYES,EYES,EYES,EYES,EYES,EYES,EYES,EYES,EYES,EYES,EYES,EYES,EYES,EYES,EYES,EYES,EYES,EYES,EYES,EYES,EYES
51,build-51-first-catch-of-fish,luke-5_first-catch-of-fish.mp4,PASS,PASS,PASS,PASS,PASS,PASS,PASS,PASS,PASS(-16.7),PASS,EYES,EYES,EYES,EYES,EYES,EYES,EYES,EYES,EYES,EYES,EYES,EYES,EYES,EYES,EYES,EYES,EYES,EYES,EYES,EYES,EYES,EYES,EYES,EYES,EYES,EYES,EYES,EYES,EYES,EYES,EYES,EYES,EYES,EYES,EYES,EYES,EYES,EYES,EYES,EYES,EYES,EYES
52,build-52-demoniac-synagogue,mark-1_demoniac-synagogue.mp4,PASS,PASS,PASS,PASS,PASS,PASS,PASS,PASS,PASS(-16.7),PASS,EYES,EYES,EYES,EYES,EYES,EYES,EYES,EYES,EYES,EYES,EYES,EYES,EYES,EYES,EYES,EYES,EYES,EYES,EYES,EYES,EYES,EYES,EYES,EYES,EYES,EYES,EYES,EYES,EYES,EYES,EYES,EYES,EYES,EYES,EYES,EYES,EYES,EYES,EYES,EYES,EYES,EYES
53,build-53-peters-mother-in-law,mark-1_peters-mother-in-law.mp4,PASS,PASS,PASS,PASS,PASS,PASS,PASS,PASS,PASS(-16.8),PASS,EYES,EYES,EYES,EYES,EYES,EYES,EYES,EYES,EYES,EYES,EYES,EYES,EYES,EYES,EYES,EYES,EYES,EYES,EYES,EYES,EYES,EYES,EYES,EYES,EYES,EYES,EYES,EYES,EYES,EYES,EYES,EYES,EYES,EYES,EYES,EYES,EYES,EYES,EYES,EYES,EYES,EYES
54,build-54-the-leper,mark-1_the-leper.mp4,PASS,PASS,PASS,PASS,PASS,PASS,PASS,PASS,PASS(-16.8),PASS,EYES,EYES,EYES,EYES,EYES,EYES,EYES,EYES,EYES,EYES,EYES,EYES,EYES,EYES,EYES,EYES,EYES,EYES,EYES,EYES,EYES,EYES,EYES,EYES,EYES,EYES,EYES,EYES,EYES,EYES,EYES,EYES,EYES,EYES,EYES,EYES,EYES,EYES,EYES,EYES,EYES,EYES
55,build-55-withered-hand,mark-3_withered-hand.mp4,PASS,PASS,PASS,PASS,PASS,PASS,PASS,PASS,PASS(-16.8),PASS,EYES,EYES,EYES,EYES,EYES,EYES,EYES,EYES,EYES,EYES,EYES,EYES,EYES,EYES,EYES,EYES,EYES,EYES,EYES,EYES,EYES,EYES,EYES,EYES,EYES,EYES,EYES,EYES,EYES,EYES,EYES,EYES,EYES,EYES,EYES,EYES,EYES,EYES,EYES,EYES,EYES,EYES
56,build-56-widow-of-nain,luke-7_widow-of-nain.mp4,PASS,PASS,PASS,PASS,PASS,PASS,PASS,PASS,PASS(-16.7),PASS,EYES,EYES,EYES,EYES,EYES,EYES,EYES,EYES,EYES,EYES,EYES,EYES,EYES,EYES,EYES,EYES,EYES,EYES,EYES,EYES,EYES,EYES,EYES,EYES,EYES,EYES,EYES,EYES,EYES,EYES,EYES,EYES,EYES,EYES,EYES,EYES,EYES,EYES,EYES,EYES,EYES,EYES
57,build-57-jairus-daughter,mark-5_jairus-daughter.mp4,PASS,PASS,PASS,PASS,PASS,PASS,PASS,PASS,PASS(-16.8),PASS,EYES,EYES,EYES,EYES,EYES,EYES,EYES,EYES,EYES,EYES,EYES,EYES,EYES,EYES,EYES,EYES,EYES,EYES,EYES,EYES,EYES,EYES,EYES,EYES,EYES,EYES,EYES,EYES,EYES,EYES,EYES,EYES,EYES,EYES,EYES,EYES,EYES,EYES,EYES,EYES,EYES,EYES
58,build-58-feeding-5000,john-6_feeding-5000.mp4,PASS,PASS,PASS,PASS,PASS,PASS,PASS,PASS,PASS(-16.9),PASS,EYES,EYES,EYES,EYES,EYES,EYES,EYES,EYES,EYES,EYES,EYES,EYES,EYES,EYES,EYES,EYES,EYES,EYES,EYES,EYES,EYES,EYES,EYES,EYES,EYES,EYES,EYES,EYES,EYES,EYES,EYES,EYES,EYES,EYES,EYES,EYES,EYES,EYES,EYES,EYES,EYES,EYES
59,build-59-feeding-4000,mark-8_feeding-4000.mp4,PASS,PASS,PASS,PASS,PASS,PASS,PASS,PASS,PASS(-16.7),PASS,EYES,EYES,EYES,EYES,EYES,EYES,EYES,EYES,EYES,EYES,EYES,EYES,EYES,EYES,EYES,EYES,EYES,EYES,EYES,EYES,EYES,EYES,EYES,EYES,EYES,EYES,EYES,EYES,EYES,EYES,EYES,EYES,EYES,EYES,EYES,EYES,EYES,EYES,EYES,EYES,EYES,EYES
60,build-60-gerasene-demoniac,mark-5_gerasene-demoniac.mp4,PASS,PASS,PASS,PASS,PASS,PASS,PASS,PASS,PASS(-14.8),PASS,EYES,EYES,EYES,EYES,EYES,EYES,EYES,EYES,EYES,EYES,EYES,EYES,EYES,EYES,EYES,EYES,EYES,EYES,EYES,EYES,EYES,EYES,EYES,EYES,EYES,EYES,EYES,EYES,EYES,EYES,EYES,EYES,EYES,EYES,EYES,EYES,EYES,EYES,EYES,EYES,EYES,EYES
61,build-61-syrophoenician-woman,mark-7_syrophoenician-woman.mp4,PASS,PASS,PASS,PASS,PASS,PASS,PASS,PASS,PASS(-14.9),PASS,EYES,EYES,EYES,EYES,EYES,EYES,EYES,EYES,EYES,EYES,EYES,EYES,EYES,EYES,EYES,EYES,EYES,EYES,EYES,EYES,EYES,EYES,EYES,EYES,EYES,EYES,EYES,EYES,EYES,EYES,EYES,EYES,EYES,EYES,EYES,EYES,EYES,EYES,EYES,EYES,EYES,EYES
62,build-62-ephphatha,mark-7_ephphatha.mp4,PASS,PASS,PASS,PASS,PASS,PASS,PASS,PASS,PASS(-14.8),PASS,EYES,EYES,EYES,EYES,EYES,EYES,EYES,EYES,EYES,EYES,EYES,EYES,EYES,EYES,EYES,EYES,EYES,EYES,EYES,EYES,EYES,EYES,EYES,EYES,EYES,EYES,EYES,EYES,EYES,EYES,EYES,EYES,EYES,EYES,EYES,EYES,EYES,EYES,EYES,EYES,EYES,EYES
63,build-63-man-born-blind,john-9_man-born-blind.mp4,PASS,PASS,PASS,PASS,PASS,PASS,PASS,PASS,PASS(-14.8),PASS,EYES,EYES,EYES,EYES,EYES,EYES,EYES,EYES,EYES,EYES,EYES,EYES,EYES,EYES,EYES,EYES,EYES,EYES,EYES,EYES,EYES,EYES,EYES,EYES,EYES,EYES,EYES,EYES,EYES,EYES,EYES,EYES,EYES,EYES,EYES,EYES,EYES,EYES,EYES,EYES,EYES,EYES
64,build-64-pool-of-bethesda,john-5_pool-of-bethesda.mp4,PASS,PASS,PASS,PASS,PASS,PASS,PASS,PASS,PASS(-14.8),PASS,EYES,EYES,EYES,EYES,EYES,EYES,EYES,EYES,EYES,EYES,EYES,EYES,EYES,EYES,EYES,EYES,EYES,EYES,EYES,EYES,EYES,EYES,EYES,EYES,EYES,EYES,EYES,EYES,EYES,EYES,EYES,EYES,EYES,EYES,EYES,EYES,EYES,EYES,EYES,EYES,EYES,EYES
68,build-68-multitudes-mountain,matt-15_multitudes-mountain.mp4,PASS,PASS,PASS,PASS,PASS,PASS,PASS,PASS,PASS(-14.8),PASS,EYES,EYES,EYES,EYES,EYES,EYES,EYES,EYES,EYES,EYES,EYES,EYES,EYES,EYES,EYES,EYES,EYES,EYES,EYES,EYES,EYES,EYES,EYES,EYES,EYES,EYES,EYES,EYES,EYES,EYES,EYES,EYES,EYES,EYES,EYES,EYES,EYES,EYES,EYES,EYES,EYES,EYES
69,build-69-baptism,matt-3_baptism-of-jesus.mp4,PASS,PASS,PASS,PASS,PASS,PASS,PASS,PASS,PASS(-14.8),PASS,EYES,EYES,EYES,EYES,EYES,EYES,EYES,EYES,EYES,EYES,EYES,EYES,EYES,EYES,EYES,EYES,EYES,EYES,EYES,EYES,EYES,EYES,EYES,EYES,EYES,EYES,EYES,EYES,EYES,EYES,EYES,EYES,EYES,EYES,EYES,EYES,EYES,EYES,EYES,EYES,EYES,EYES
70,build-70-temptations,matt-4_the-temptations.mp4,PASS,PASS,PASS,PASS,PASS,PASS,PASS,PASS,PASS(-14.9),PASS,EYES,EYES,EYES,EYES,EYES,EYES,EYES,EYES,EYES,EYES,EYES,EYES,EYES,EYES,EYES,EYES,EYES,EYES,EYES,EYES,EYES,EYES,EYES,EYES,EYES,EYES,EYES,EYES,EYES,EYES,EYES,EYES,EYES,EYES,EYES,EYES,EYES,EYES,EYES,EYES,EYES,EYES
71,build-71-calling-the-fishermen,matthew-4_calling-the-fishermen.mp4,PASS,PASS,PASS,PASS,PASS,PASS,PASS,PASS,PASS(-16.8),PASS,EYES,EYES,EYES,EYES,EYES,EYES,EYES,EYES,EYES,EYES,EYES,EYES,EYES,EYES,EYES,EYES,EYES,EYES,EYES,EYES,EYES,EYES,EYES,EYES,EYES,EYES,EYES,EYES,EYES,EYES,EYES,EYES,EYES,EYES,EYES,EYES,EYES,EYES,EYES,EYES,EYES,EYES
72,build-72-calling-matthew,matthew-9_calling-matthew.mp4,PASS,PASS,PASS,PASS,PASS,PASS,PASS,PASS,PASS(-16.7),PASS,EYES,EYES,EYES,EYES,EYES,EYES,EYES,EYES,EYES,EYES,EYES,EYES,EYES,EYES,EYES,EYES,EYES,EYES,EYES,EYES,EYES,EYES,EYES,EYES,EYES,EYES,EYES,EYES,EYES,EYES,EYES,EYES,EYES,EYES,EYES,EYES,EYES,EYES,EYES,EYES,EYES,EYES
73,build-73-this-day-fulfilled,luke-4_this-day-fulfilled.mp4,PASS,PASS,PASS,PASS,PASS,PASS,PASS,PASS,PASS(-14.9),PASS,EYES,EYES,EYES,EYES,EYES,EYES,EYES,EYES,EYES,EYES,EYES,EYES,EYES,EYES,EYES,EYES,EYES,EYES,EYES,EYES,EYES,EYES,EYES,EYES,EYES,EYES,EYES,EYES,EYES,EYES,EYES,EYES,EYES,EYES,EYES,EYES,EYES,EYES,EYES,EYES,EYES,EYES
74,build-74-woman-washed-his-feet,luke-7_woman-washed-his-feet.mp4,PASS,PASS,PASS,PASS,PASS,PASS,PASS,PASS,PASS(-14.8),PASS,EYES,EYES,EYES,EYES,EYES,EYES,EYES,EYES,EYES,EYES,EYES,EYES,EYES,EYES,EYES,EYES,EYES,EYES,EYES,EYES,EYES,EYES,EYES,EYES,EYES,EYES,EYES,EYES,EYES,EYES,EYES,EYES,EYES,EYES,EYES,EYES,EYES,EYES,EYES,EYES,EYES,EYES
75,build-75-woman-taken-in-adultery,john-8_woman-taken-in-adultery.mp4,PASS,PASS,PASS,PASS,PASS,PASS,PASS,PASS,PASS(-14.8),PASS,EYES,EYES,EYES,EYES,EYES,EYES,EYES,EYES,EYES,EYES,EYES,EYES,EYES,EYES,EYES,EYES,EYES,EYES,EYES,EYES,EYES,EYES,EYES,EYES,EYES,EYES,EYES,EYES,EYES,EYES,EYES,EYES,EYES,EYES,EYES,EYES,EYES,EYES,EYES,EYES,EYES,EYES
76,build-76-suffer-the-little-children,mark-10_suffer-the-little-children.mp4,PASS,PASS,PASS,PASS,PASS,PASS,PASS,PASS,PASS(-14.8),PASS,EYES,EYES,EYES,EYES,EYES,EYES,EYES,EYES,EYES,EYES,EYES,EYES,EYES,EYES,EYES,EYES,EYES,EYES,EYES,EYES,EYES,EYES,EYES,EYES,EYES,EYES,EYES,EYES,EYES,EYES,EYES,EYES,EYES,EYES,EYES,EYES,EYES,EYES,EYES,EYES,EYES,EYES
77,build-77-widows-mite,mark-12_the-widows-mite.mp4,PASS,PASS,PASS,PASS,PASS,PASS,PASS,PASS,PASS(-14.8),PASS,EYES,EYES,EYES,EYES,EYES,EYES,EYES,EYES,EYES,EYES,EYES,EYES,EYES,EYES,EYES,EYES,EYES,EYES,EYES,EYES,EYES,EYES,EYES,EYES,EYES,EYES,EYES,EYES,EYES,EYES,EYES,EYES,EYES,EYES,EYES,EYES,EYES,EYES,EYES,EYES,EYES,EYES
78,build-78-who-is-my-mother,mark-3_who-is-my-mother.mp4,PASS,PASS,PASS,PASS,PASS,PASS,PASS,PASS,PASS(-14.8),PASS,EYES,EYES,EYES,EYES,EYES,EYES,EYES,EYES,EYES,EYES,EYES,EYES,EYES,EYES,EYES,EYES,EYES,EYES,EYES,EYES,EYES,EYES,EYES,EYES,EYES,EYES,EYES,EYES,EYES,EYES,EYES,EYES,EYES,EYES,EYES,EYES,EYES,EYES,EYES,EYES,EYES,EYES
79,build-79-the-seventy-sent,luke-10_the-seventy-sent.mp4,PASS,PASS,PASS,PASS,PASS,PASS,PASS,PASS,PASS(-14.9),PASS,EYES,EYES,EYES,EYES,EYES,EYES,EYES,EYES,EYES,EYES,EYES,EYES,EYES,EYES,EYES,EYES,EYES,EYES,EYES,EYES,EYES,EYES,EYES,EYES,EYES,EYES,EYES,EYES,EYES,EYES,EYES,EYES,EYES,EYES,EYES,EYES,EYES,EYES,EYES,EYES,EYES,EYES
80,build-80-come-unto-me,matthew-11_come-unto-me.mp4,PASS,PASS,PASS,PASS,PASS,PASS,PASS,PASS,PASS(-14.8),PASS,EYES,EYES,EYES,EYES,EYES,EYES,EYES,EYES,EYES,EYES,EYES,EYES,EYES,EYES,EYES,EYES,EYES,EYES,EYES,EYES,EYES,EYES,EYES,EYES,EYES,EYES,EYES,EYES,EYES,EYES,EYES,EYES,EYES,EYES,EYES,EYES,EYES,EYES,EYES,EYES,EYES,EYES
81,build-81-render-unto-caesar,mark-12_render-unto-caesar.mp4,PASS,PASS,PASS,PASS,PASS,PASS,PASS,PASS,PASS(-14.9),PASS,EYES,EYES,EYES,EYES,EYES,EYES,EYES,EYES,EYES,EYES,EYES,EYES,EYES,EYES,EYES,EYES,EYES,EYES,EYES,EYES,EYES,EYES,EYES,EYES,EYES,EYES,EYES,EYES,EYES,EYES,EYES,EYES,EYES,EYES,EYES,EYES,EYES,EYES,EYES,EYES,EYES,EYES
82,build-82-anointing-at-bethany,mark-14_anointing-at-bethany.mp4,PASS,PASS,PASS,PASS,PASS,PASS,PASS,PASS,PASS(-14.9),PASS,EYES,EYES,EYES,EYES,EYES,EYES,EYES,EYES,EYES,EYES,EYES,EYES,EYES,EYES,EYES,EYES,EYES,EYES,EYES,EYES,EYES,EYES,EYES,EYES,EYES,EYES,EYES,EYES,EYES,EYES,EYES,EYES,EYES,EYES,EYES,EYES,EYES,EYES,EYES,EYES,EYES,EYES
83,build-83-weeping-over-jerusalem,luke-19_weeping-over-jerusalem.mp4,PASS,PASS,PASS,PASS,PASS,PASS,PASS,PASS,PASS(-14.8),PASS,EYES,EYES,EYES,EYES,EYES,EYES,EYES,EYES,EYES,EYES,EYES,EYES,EYES,EYES,EYES,EYES,EYES,EYES,EYES,EYES,EYES,EYES,EYES,EYES,EYES,EYES,EYES,EYES,EYES,EYES,EYES,EYES,EYES,EYES,EYES,EYES,EYES,EYES,EYES,EYES,EYES,EYES
84,build-84-no-room-manger,luke-2_no-room-the-manger.mp4,PASS,PASS,PASS,PASS,PASS,PASS,PASS,PASS,PASS(-14.8),PASS,EYES,EYES,EYES,EYES,EYES,EYES,EYES,EYES,EYES,EYES,EYES,EYES,EYES,EYES,EYES,EYES,EYES,EYES,EYES,EYES,EYES,EYES,EYES,EYES,EYES,EYES,EYES,EYES,EYES,EYES,EYES,EYES,EYES,EYES,EYES,EYES,EYES,EYES,EYES,EYES,EYES,EYES
85,build-85-shepherds-and-angels,luke-2_shepherds-and-angels.mp4,PASS,PASS,PASS,PASS,PASS,PASS,PASS,PASS,PASS(-14.9),PASS,EYES,EYES,EYES,EYES,EYES,EYES,EYES,EYES,EYES,EYES,EYES,EYES,EYES,EYES,EYES,EYES,EYES,EYES,EYES,EYES,EYES,EYES,EYES,EYES,EYES,EYES,EYES,EYES,EYES,EYES,EYES,EYES,EYES,EYES,EYES,EYES,EYES,EYES,EYES,EYES,EYES,EYES
86,build-86-the-wise-men,matthew-2_the-wise-men.mp4,PASS,PASS,PASS,PASS,PASS,PASS,PASS,PASS,PASS(-14.8),PASS,EYES,EYES,EYES,EYES,EYES,EYES,EYES,EYES,EYES,EYES,EYES,EYES,EYES,EYES,EYES,EYES,EYES,EYES,EYES,EYES,EYES,EYES,EYES,EYES,EYES,EYES,EYES,EYES,EYES,EYES,EYES,EYES,EYES,EYES,EYES,EYES,EYES,EYES,EYES,EYES,EYES,EYES
87,build-87-boy-in-the-temple,luke-2_boy-in-the-temple.mp4,PASS,PASS,PASS,PASS,PASS,PASS,PASS,PASS,PASS(-14.8),PASS,EYES,EYES,EYES,EYES,EYES,EYES,EYES,EYES,EYES,EYES,EYES,EYES,EYES,EYES,EYES,EYES,EYES,EYES,EYES,EYES,EYES,EYES,EYES,EYES,EYES,EYES,EYES,EYES,EYES,EYES,EYES,EYES,EYES,EYES,EYES,EYES,EYES,EYES,EYES,EYES,EYES,EYES
88,build-88-triumphal-entry,matthew-21_triumphal-entry.mp4,PASS,PASS,PASS,PASS,PASS,PASS,PASS,PASS,PASS(-14.9),PASS,EYES,EYES,EYES,EYES,EYES,EYES,EYES,EYES,EYES,EYES,EYES,EYES,EYES,EYES,EYES,EYES,EYES,EYES,EYES,EYES,EYES,EYES,EYES,EYES,EYES,EYES,EYES,EYES,EYES,EYES,EYES,EYES,EYES,EYES,EYES,EYES,EYES,EYES,EYES,EYES,EYES,EYES
89,build-89-the-last-supper,luke-22_the-last-supper.mp4,PASS,PASS,PASS,PASS,PASS,PASS,PASS,PASS,PASS(-14.8),PASS,EYES,EYES,EYES,EYES,EYES,EYES,EYES,EYES,EYES,EYES,EYES,EYES,EYES,EYES,EYES,EYES,EYES,EYES,EYES,EYES,EYES,EYES,EYES,EYES,EYES,EYES,EYES,EYES,EYES,EYES,EYES,EYES,EYES,EYES,EYES,EYES,EYES,EYES,EYES,EYES,EYES,EYES
90,build-90-washing-feet,john-13_washing-the-disciples-feet.mp4,PASS,PASS,PASS,PASS,PASS,PASS,PASS,PASS,PASS(-14.8),PASS,EYES,EYES,EYES,EYES,EYES,EYES,EYES,EYES,EYES,EYES,EYES,EYES,EYES,EYES,EYES,EYES,EYES,EYES,EYES,EYES,EYES,EYES,EYES,EYES,EYES,EYES,EYES,EYES,EYES,EYES,EYES,EYES,EYES,EYES,EYES,EYES,EYES,EYES,EYES,EYES,EYES,EYES
91,build-91-gethsemane,luke-22_gethsemane.mp4,PASS,PASS,PASS,PASS,PASS,PASS,PASS,PASS,PASS(-16.8),PASS,EYES,EYES,EYES,EYES,EYES,EYES,EYES,EYES,EYES,EYES,EYES,EYES,EYES,EYES,EYES,EYES,EYES,EYES,EYES,EYES,EYES,EYES,EYES,EYES,EYES,EYES,EYES,EYES,EYES,EYES,EYES,EYES,EYES,EYES,EYES,EYES,EYES,EYES,EYES,EYES,EYES,EYES
92,build-92-peters-denial,luke-22_peters-denial.mp4,PASS,PASS,PASS,PASS,PASS,PASS,PASS,PASS,PASS(-14.9),PASS,EYES,EYES,EYES,EYES,EYES,EYES,EYES,EYES,EYES,EYES,EYES,EYES,EYES,EYES,EYES,EYES,EYES,EYES,EYES,EYES,EYES,EYES,EYES,EYES,EYES,EYES,EYES,EYES,EYES,EYES,EYES,EYES,EYES,EYES,EYES,EYES,EYES,EYES,EYES,EYES,EYES,EYES
93,build-93-barabbas-goes-free,mark-15_barabbas-goes-free.mp4,PASS,PASS,PASS,PASS,PASS,PASS,PASS,PASS,PASS(-14.8),PASS,EYES,EYES,EYES,EYES,EYES,EYES,EYES,EYES,EYES,EYES,EYES,EYES,EYES,EYES,EYES,EYES,EYES,EYES,EYES,EYES,EYES,EYES,EYES,EYES,EYES,EYES,EYES,EYES,EYES,EYES,EYES,EYES,EYES,EYES,EYES,EYES,EYES,EYES,EYES,EYES,EYES,EYES
94,build-94-father-forgive-them,luke-23_father-forgive-them.mp4,PASS,PASS,PASS,PASS,PASS,PASS,PASS,PASS,PASS(-14.9),PASS,EYES,EYES,EYES,EYES,EYES,EYES,EYES,EYES,EYES,EYES,EYES,EYES,EYES,EYES,EYES,EYES,EYES,EYES,EYES,EYES,EYES,EYES,EYES,EYES,EYES,EYES,EYES,EYES,EYES,EYES,EYES,EYES,EYES,EYES,EYES,EYES,EYES,EYES,EYES,EYES,EYES,EYES
95,build-95-thief-on-the-cross,luke-23_thief-on-the-cross.mp4,PASS,PASS,PASS,PASS,PASS,PASS,PASS,PASS,PASS(-14.8),PASS,EYES,EYES,EYES,EYES,EYES,EYES,EYES,EYES,EYES,EYES,EYES,EYES,EYES,EYES,EYES,EYES,EYES,EYES,EYES,EYES,EYES,EYES,EYES,EYES,EYES,EYES,EYES,EYES,EYES,EYES,EYES,EYES,EYES,EYES,EYES,EYES,EYES,EYES,EYES,EYES,EYES,EYES
96,build-96-it-is-finished,john-19_it-is-finished.mp4,PASS,PASS,PASS,PASS,PASS,PASS,PASS,PASS,PASS(-14.8),PASS,EYES,EYES,EYES,EYES,EYES,EYES,EYES,EYES,EYES,EYES,EYES,EYES,EYES,EYES,EYES,EYES,EYES,EYES,EYES,EYES,EYES,EYES,EYES,EYES,EYES,EYES,EYES,EYES,EYES,EYES,EYES,EYES,EYES,EYES,EYES,EYES,EYES,EYES,EYES,EYES,EYES,EYES
97,build-97-the-empty-tomb,luke-24_the-empty-tomb.mp4,PASS,PASS,PASS,PASS,PASS,PASS,PASS,PASS,PASS(-14.8),PASS,EYES,EYES,EYES,EYES,EYES,EYES,EYES,EYES,EYES,EYES,EYES,EYES,EYES,EYES,EYES,EYES,EYES,EYES,EYES,EYES,EYES,EYES,EYES,EYES,EYES,EYES,EYES,EYES,EYES,EYES,EYES,EYES,EYES,EYES,EYES,EYES,EYES,EYES,EYES,EYES,EYES,EYES
98,build-98-mary-her-name,john-20_mary-her-name.mp4,PASS,PASS,PASS,PASS,PASS,PASS,PASS,PASS,PASS(-14.8),PASS,EYES,EYES,EYES,EYES,EYES,EYES,EYES,EYES,EYES,EYES,EYES,EYES,EYES,EYES,EYES,EYES,EYES,EYES,EYES,EYES,EYES,EYES,EYES,EYES,EYES,EYES,EYES,EYES,EYES,EYES,EYES,EYES,EYES,EYES,EYES,EYES,EYES,EYES,EYES,EYES,EYES,EYES
99,build-99-flesh-and-bone-thomas,john-20_flesh-and-bone-thomas.mp4,PASS,PASS,PASS,PASS,PASS,PASS,PASS,PASS,PASS(-14.9),PASS,EYES,EYES,EYES,EYES,EYES,EYES,EYES,EYES,EYES,EYES,EYES,EYES,EYES,EYES,EYES,EYES,EYES,EYES,EYES,EYES,EYES,EYES,EYES,EYES,EYES,EYES,EYES,EYES,EYES,EYES,EYES,EYES,EYES,EYES,EYES,EYES,EYES,EYES,EYES,EYES,EYES,EYES
100,build-100-the-ascension,acts-1_the-ascension.mp4,PASS,PASS,PASS,PASS,PASS,PASS,PASS,PASS,PASS(-14.8),PASS,EYES,EYES,EYES,EYES,EYES,EYES,EYES,EYES,EYES,EYES,EYES,EYES,EYES,EYES,EYES,EYES,EYES,EYES,EYES,EYES,EYES,EYES,EYES,EYES,EYES,EYES,EYES,EYES,EYES,EYES,EYES,EYES,EYES,EYES,EYES,EYES,EYES,EYES,EYES,EYES,EYES,EYES
101,build-101-still-small-voice,1kings-19_the-still-small-voice.mp4,PASS,PASS,PASS,PASS,PASS,PASS,PASS,PASS,PASS(-16.7),PASS,EYES,EYES,EYES,EYES,EYES,EYES,EYES,EYES,EYES,EYES,EYES,EYES,EYES,EYES,EYES,EYES,EYES,EYES,EYES,EYES,EYES,EYES,EYES,EYES,EYES,EYES,EYES,EYES,EYES,EYES,EYES,EYES,EYES,EYES,EYES,EYES,EYES,EYES,EYES,EYES,EYES,EYES
102,build-102-jacobs-ladder,genesis-28_jacobs-ladder.mp4,PASS,PASS,PASS,PASS,PASS,PASS,PASS,PASS,PASS(-16.7),PASS,EYES,EYES,EYES,EYES,EYES,EYES,EYES,EYES,EYES,EYES,EYES,EYES,EYES,EYES,EYES,EYES,EYES,EYES,EYES,EYES,EYES,EYES,EYES,EYES,EYES,EYES,EYES,EYES,EYES,EYES,EYES,EYES,EYES,EYES,EYES,EYES,EYES,EYES,EYES,EYES,EYES,EYES
103,build-103-peters-confession,matthew-16_peters-confession.mp4,PASS,PASS,PASS,PASS,PASS,PASS,PASS,PASS,PASS(-16.7),PASS,EYES,EYES,EYES,EYES,EYES,EYES,EYES,EYES,EYES,EYES,EYES,EYES,EYES,EYES,EYES,EYES,EYES,EYES,EYES,EYES,EYES,EYES,EYES,EYES,EYES,EYES,EYES,EYES,EYES,EYES,EYES,EYES,EYES,EYES,EYES,EYES,EYES,EYES,EYES,EYES,EYES,EYES
104,build-104-boy-samuel,1samuel-3_the-boy-samuel.mp4,PASS,PASS,PASS,PASS,PASS,PASS,PASS,PASS,PASS(-16.7),PASS,EYES,EYES,EYES,EYES,EYES,EYES,EYES,EYES,EYES,EYES,EYES,EYES,EYES,EYES,EYES,EYES,EYES,EYES,EYES,EYES,EYES,EYES,EYES,EYES,EYES,EYES,EYES,EYES,EYES,EYES,EYES,EYES,EYES,EYES,EYES,EYES,EYES,EYES,EYES,EYES,EYES,EYES
105,build-105-face-to-face,exodus-33_face-to-face.mp4,PASS,PASS,PASS,PASS,PASS,PASS,PASS,PASS,PASS(-16.8),PASS,EYES,EYES,EYES,EYES,EYES,EYES,EYES,EYES,EYES,EYES,EYES,EYES,EYES,EYES,EYES,EYES,EYES,EYES,EYES,EYES,EYES,EYES,EYES,EYES,EYES,EYES,EYES,EYES,EYES,EYES,EYES,EYES,EYES,EYES,EYES,EYES,EYES,EYES,EYES,EYES,EYES,EYES
106,build-106-god-spake-by-prophets,hebrews-1_god-spake-by-prophets.mp4,PASS,PASS,PASS,PASS,PASS,PASS,PASS,PASS,PASS(-16.7),PASS,EYES,EYES,EYES,EYES,EYES,EYES,EYES,EYES,EYES,EYES,EYES,EYES,EYES,EYES,EYES,EYES,EYES,EYES,EYES,EYES,EYES,EYES,EYES,EYES,EYES,EYES,EYES,EYES,EYES,EYES,EYES,EYES,EYES,EYES,EYES,EYES,EYES,EYES,EYES,EYES,EYES,EYES
107,build-107-john-baptist-doubt,matthew-11_john-the-baptists-doubt.mp4,PASS,PASS,PASS,PASS,PASS,PASS,PASS,PASS,PASS(-16.8),PASS,EYES,EYES,EYES,EYES,EYES,EYES,EYES,EYES,EYES,EYES,EYES,EYES,EYES,EYES,EYES,EYES,EYES,EYES,EYES,EYES,EYES,EYES,EYES,EYES,EYES,EYES,EYES,EYES,EYES,EYES,EYES,EYES,EYES,EYES,EYES,EYES,EYES,EYES,EYES,EYES,EYES,EYES
108,build-108-my-sheep-hear-my-voice,john-10_my-sheep-hear-my-voice.mp4,PASS,PASS,PASS,PASS,PASS,PASS,PASS,PASS,PASS(-16.8),PASS,EYES,EYES,EYES,EYES,EYES,EYES,EYES,EYES,EYES,EYES,EYES,EYES,EYES,EYES,EYES,EYES,EYES,EYES,EYES,EYES,EYES,EYES,EYES,EYES,EYES,EYES,EYES,EYES,EYES,EYES,EYES,EYES,EYES,EYES,EYES,EYES,EYES,EYES,EYES,EYES,EYES,EYES
109,build-109-ask-seek-knock,matthew-7_ask-seek-knock.mp4,PASS,PASS,PASS,PASS,PASS,PASS,PASS,PASS,PASS(-16.7),PASS,EYES,EYES,EYES,EYES,EYES,EYES,EYES,EYES,EYES,EYES,EYES,EYES,EYES,EYES,EYES,EYES,EYES,EYES,EYES,EYES,EYES,EYES,EYES,EYES,EYES,EYES,EYES,EYES,EYES,EYES,EYES,EYES,EYES,EYES,EYES,EYES,EYES,EYES,EYES,EYES,EYES,EYES
110,build-110-lords-prayer,matthew-6_the-lords-prayer.mp4,PASS,PASS,PASS,PASS,PASS,PASS,PASS,PASS,PASS(-16.8),PASS,EYES,EYES,EYES,EYES,EYES,EYES,EYES,EYES,EYES,EYES,EYES,EYES,EYES,EYES,EYES,EYES,EYES,EYES,EYES,EYES,EYES,EYES,EYES,EYES,EYES,EYES,EYES,EYES,EYES,EYES,EYES,EYES,EYES,EYES,EYES,EYES,EYES,EYES,EYES,EYES,EYES,EYES
111,build-111-lilies-and-sparrows,matthew-6_lilies-and-sparrows.mp4,PASS,PASS,PASS,PASS,PASS,PASS,PASS,PASS,PASS(-16.8),PASS,EYES,EYES,EYES,EYES,EYES,EYES,EYES,EYES,EYES,EYES,EYES,EYES,EYES,EYES,EYES,EYES,EYES,EYES,EYES,EYES,EYES,EYES,EYES,EYES,EYES,EYES,EYES,EYES,EYES,EYES,EYES,EYES,EYES,EYES,EYES,EYES,EYES,EYES,EYES,EYES,EYES,EYES
112,build-112-beatitudes,matthew-5_the-beatitudes.mp4,PASS,PASS,PASS,PASS,PASS,PASS,PASS,PASS,PASS(-16.8),PASS,EYES,EYES,EYES,EYES,EYES,EYES,EYES,EYES,EYES,EYES,EYES,EYES,EYES,EYES,EYES,EYES,EYES,EYES,EYES,EYES,EYES,EYES,EYES,EYES,EYES,EYES,EYES,EYES,EYES,EYES,EYES,EYES,EYES,EYES,EYES,EYES,EYES,EYES,EYES,EYES,EYES,EYES
113,build-113-where-art-thou,genesis-3_where-art-thou.mp4,PASS,PASS,PASS,PASS,PASS,PASS,PASS,PASS,PASS(-16.7),PASS,EYES,EYES,EYES,EYES,EYES,EYES,EYES,EYES,EYES,EYES,EYES,EYES,EYES,EYES,EYES,EYES,EYES,EYES,EYES,EYES,EYES,EYES,EYES,EYES,EYES,EYES,EYES,EYES,EYES,EYES,EYES,EYES,EYES,EYES,EYES,EYES,EYES,EYES,EYES,EYES,EYES,EYES
114,build-114-abraham-sodom,genesis-18_abraham-pleads-for-sodom.mp4,PASS,PASS,PASS,PASS,PASS,PASS,PASS,PASS,PASS(-16.6),PASS,EYES,EYES,EYES,EYES,EYES,EYES,EYES,EYES,EYES,EYES,EYES,EYES,EYES,EYES,EYES,EYES,EYES,EYES,EYES,EYES,EYES,EYES,EYES,EYES,EYES,EYES,EYES,EYES,EYES,EYES,EYES,EYES,EYES,EYES,EYES,EYES,EYES,EYES,EYES,EYES,EYES,EYES
115,build-115-ram-in-the-thicket,genesis-22_the-ram-in-the-thicket.mp4,PASS,PASS,PASS,PASS,PASS,PASS,PASS,PASS,PASS(-16.7),PASS,EYES,EYES,EYES,EYES,EYES,EYES,EYES,EYES,EYES,EYES,EYES,EYES,EYES,EYES,EYES,EYES,EYES,EYES,EYES,EYES,EYES,EYES,EYES,EYES,EYES,EYES,EYES,EYES,EYES,EYES,EYES,EYES,EYES,EYES,EYES,EYES,EYES,EYES,EYES,EYES,EYES,EYES
116,build-116-graven-on-his-palms,isaiah-49_graven-on-his-palms.mp4,PASS,PASS,PASS,PASS,PASS,PASS,PASS,PASS,PASS(-16.8),PASS,EYES,EYES,EYES,EYES,EYES,EYES,EYES,EYES,EYES,EYES,EYES,EYES,EYES,EYES,EYES,EYES,EYES,EYES,EYES,EYES,EYES,EYES,EYES,EYES,EYES,EYES,EYES,EYES,EYES,EYES,EYES,EYES,EYES,EYES,EYES,EYES,EYES,EYES,EYES,EYES,EYES,EYES
117,build-117-hosea-buys-her-back,hosea-1_hosea-buys-her-back.mp4,PASS,PASS,PASS,PASS,PASS,PASS,PASS,PASS,PASS(-16.7),PASS,EYES,EYES,EYES,EYES,EYES,EYES,EYES,EYES,EYES,EYES,EYES,EYES,EYES,EYES,EYES,EYES,EYES,EYES,EYES,EYES,EYES,EYES,EYES,EYES,EYES,EYES,EYES,EYES,EYES,EYES,EYES,EYES,EYES,EYES,EYES,EYES,EYES,EYES,EYES,EYES,EYES,EYES
118,build-118-jonah-god-who-relents,jonah-1_jonah-god-who-relents.mp4,PASS,PASS,PASS,PASS,PASS,PASS,PASS,PASS,PASS(-16.7),PASS,EYES,EYES,EYES,EYES,EYES,EYES,EYES,EYES,EYES,EYES,EYES,EYES,EYES,EYES,EYES,EYES,EYES,EYES,EYES,EYES,EYES,EYES,EYES,EYES,EYES,EYES,EYES,EYES,EYES,EYES,EYES,EYES,EYES,EYES,EYES,EYES,EYES,EYES,EYES,EYES,EYES,EYES
119,build-119-fourth-man-in-fire,daniel-3_fourth-man-in-fire.mp4,PASS,PASS,PASS,PASS,PASS,PASS,PASS,PASS,PASS(-16.8),PASS,EYES,EYES,EYES,EYES,EYES,EYES,EYES,EYES,EYES,EYES,EYES,EYES,EYES,EYES,EYES,EYES,EYES,EYES,EYES,EYES,EYES,EYES,EYES,EYES,EYES,EYES,EYES,EYES,EYES,EYES,EYES,EYES,EYES,EYES,EYES,EYES,EYES,EYES,EYES,EYES,EYES,EYES
120,build-120-job-from-whirlwind,job-38_job-from-whirlwind.mp4,PASS,PASS,PASS,PASS,PASS,PASS,PASS,PASS,PASS(-16.6),PASS,EYES,EYES,EYES,EYES,EYES,EYES,EYES,EYES,EYES,EYES,EYES,EYES,EYES,EYES,EYES,EYES,EYES,EYES,EYES,EYES,EYES,EYES,EYES,EYES,EYES,EYES,EYES,EYES,EYES,EYES,EYES,EYES,EYES,EYES,EYES,EYES,EYES,EYES,EYES,EYES,EYES,EYES
121,build-121-salt-and-light,matthew-5_salt-and-light.mp4,PASS,PASS,PASS,PASS,PASS,PASS,PASS,PASS,PASS(-16.7),PASS,EYES,EYES,EYES,EYES,EYES,EYES,EYES,EYES,EYES,EYES,EYES,EYES,EYES,EYES,EYES,EYES,EYES,EYES,EYES,EYES,EYES,EYES,EYES,EYES,EYES,EYES,EYES,EYES,EYES,EYES,EYES,EYES,EYES,EYES,EYES,EYES,EYES,EYES,EYES,EYES,EYES,EYES
122,build-122-mote-and-beam,matthew-7_mote-and-beam.mp4,PASS,PASS,PASS,PASS,PASS,PASS,PASS,PASS,PASS(-16.7),PASS,EYES,EYES,EYES,EYES,EYES,EYES,EYES,EYES,EYES,EYES,EYES,EYES,EYES,EYES,EYES,EYES,EYES,EYES,EYES,EYES,EYES,EYES,EYES,EYES,EYES,EYES,EYES,EYES,EYES,EYES,EYES,EYES,EYES,EYES,EYES,EYES,EYES,EYES,EYES,EYES,EYES,EYES
123,build-123-golden-rule,matthew-7_golden-rule.mp4,PASS,PASS,PASS,PASS,PASS,PASS,PASS,PASS,PASS(-16.8),PASS,EYES,EYES,EYES,EYES,EYES,EYES,EYES,EYES,EYES,EYES,EYES,EYES,EYES,EYES,EYES,EYES,EYES,EYES,EYES,EYES,EYES,EYES,EYES,EYES,EYES,EYES,EYES,EYES,EYES,EYES,EYES,EYES,EYES,EYES,EYES,EYES,EYES,EYES,EYES,EYES,EYES,EYES
124,build-124-love-your-enemies,matthew-5_love-your-enemies.mp4,PASS,PASS,PASS,PASS,PASS,PASS,PASS,PASS,PASS(-14.8),PASS,EYES,EYES,EYES,EYES,EYES,EYES,EYES,EYES,EYES,EYES,EYES,EYES,EYES,EYES,EYES,EYES,EYES,EYES,EYES,EYES,EYES,EYES,EYES,EYES,EYES,EYES,EYES,EYES,EYES,EYES,EYES,EYES,EYES,EYES,EYES,EYES,EYES,EYES,EYES,EYES,EYES,EYES
125,build-125-i-never-knew-you,matthew-7_i-never-knew-you.mp4,PASS,PASS,PASS,PASS,PASS,PASS,PASS,PASS,PASS(-14.8),PASS,EYES,EYES,EYES,EYES,EYES,EYES,EYES,EYES,EYES,EYES,EYES,EYES,EYES,EYES,EYES,EYES,EYES,EYES,EYES,EYES,EYES,EYES,EYES,EYES,EYES,EYES,EYES,EYES,EYES,EYES,EYES,EYES,EYES,EYES,EYES,EYES,EYES,EYES,EYES,EYES,EYES,EYES
126,build-126-by-their-fruits,matthew-7_by-their-fruits.mp4,PASS,PASS,PASS,PASS,PASS,PASS,PASS,PASS,PASS(-15.0),PASS,EYES,EYES,EYES,EYES,EYES,EYES,EYES,EYES,EYES,EYES,EYES,EYES,EYES,EYES,EYES,EYES,EYES,EYES,EYES,EYES,EYES,EYES,EYES,EYES,EYES,EYES,EYES,EYES,EYES,EYES,EYES,EYES,EYES,EYES,EYES,EYES,EYES,EYES,EYES,EYES,EYES,EYES
127,build-127-the-strait-gate,matthew-7_the-strait-gate.mp4,PASS,PASS,PASS,PASS,PASS,PASS,PASS,PASS,PASS(-14.9),PASS,EYES,EYES,EYES,EYES,EYES,EYES,EYES,EYES,EYES,EYES,EYES,EYES,EYES,EYES,EYES,EYES,EYES,EYES,EYES,EYES,EYES,EYES,EYES,EYES,EYES,EYES,EYES,EYES,EYES,EYES,EYES,EYES,EYES,EYES,EYES,EYES,EYES,EYES,EYES,EYES,EYES,EYES
128,build-128-famine-of-hearing,amos-8_famine-of-hearing.mp4,PASS,PASS,PASS,PASS,PASS,PASS,PASS,PASS,PASS(-14.9),PASS,EYES,EYES,EYES,EYES,EYES,EYES,EYES,EYES,EYES,EYES,EYES,EYES,EYES,EYES,EYES,EYES,EYES,EYES,EYES,EYES,EYES,EYES,EYES,EYES,EYES,EYES,EYES,EYES,EYES,EYES,EYES,EYES,EYES,EYES,EYES,EYES,EYES,EYES,EYES,EYES,EYES,EYES
129,build-129-nazareth-only-a-few,mark-6_nazareth-only-a-few.mp4,PASS,PASS,PASS,PASS,PASS,PASS,PASS,PASS,PASS(-14.7),PASS,EYES,EYES,EYES,EYES,EYES,EYES,EYES,EYES,EYES,EYES,EYES,EYES,EYES,EYES,EYES,EYES,EYES,EYES,EYES,EYES,EYES,EYES,EYES,EYES,EYES,EYES,EYES,EYES,EYES,EYES,EYES,EYES,EYES,EYES,EYES,EYES,EYES,EYES,EYES,EYES,EYES,EYES
130,build-130-what-manner-of-spirit,luke-9_what-manner-of-spirit.mp4,PASS,PASS,PASS,PASS,PASS,PASS,PASS,PASS,PASS(-14.8),PASS,EYES,EYES,EYES,EYES,EYES,EYES,EYES,EYES,EYES,EYES,EYES,EYES,EYES,EYES,EYES,EYES,EYES,EYES,EYES,EYES,EYES,EYES,EYES,EYES,EYES,EYES,EYES,EYES,EYES,EYES,EYES,EYES,EYES,EYES,EYES,EYES,EYES,EYES,EYES,EYES,EYES,EYES
131,build-131-scribe-near-the-kingdom,mark-12_scribe-near-the-kingdom.mp4,PASS,PASS,PASS,PASS,PASS,PASS,PASS,PASS,PASS(-14.8),PASS,EYES,EYES,EYES,EYES,EYES,EYES,EYES,EYES,EYES,EYES,EYES,EYES,EYES,EYES,EYES,EYES,EYES,EYES,EYES,EYES,EYES,EYES,EYES,EYES,EYES,EYES,EYES,EYES,EYES,EYES,EYES,EYES,EYES,EYES,EYES,EYES,EYES,EYES,EYES,EYES,EYES,EYES
132,build-132-forbid-him-not,mark-9_forbid-him-not.mp4,PASS,PASS,PASS,PASS,PASS,PASS,PASS,PASS,PASS(-14.8),PASS,EYES,EYES,EYES,EYES,EYES,EYES,EYES,EYES,EYES,EYES,EYES,EYES,EYES,EYES,EYES,EYES,EYES,EYES,EYES,EYES,EYES,EYES,EYES,EYES,EYES,EYES,EYES,EYES,EYES,EYES,EYES,EYES,EYES,EYES,EYES,EYES,EYES,EYES,EYES,EYES,EYES,EYES
133,build-133-many-mansions,john-14_many-mansions.mp4,PASS,PASS,PASS,PASS,PASS,PASS,PASS,PASS,PASS(-14.8),PASS,EYES,EYES,EYES,EYES,EYES,EYES,EYES,EYES,EYES,EYES,EYES,EYES,EYES,EYES,EYES,EYES,EYES,EYES,EYES,EYES,EYES,EYES,EYES,EYES,EYES,EYES,EYES,EYES,EYES,EYES,EYES,EYES,EYES,EYES,EYES,EYES,EYES,EYES,EYES,EYES,EYES,EYES
134,build-134-other-sheep-i-have,john-10_other-sheep-i-have.mp4,PASS,PASS,PASS,PASS,PASS,PASS,PASS,PASS,PASS(-14.8),PASS,EYES,EYES,EYES,EYES,EYES,EYES,EYES,EYES,EYES,EYES,EYES,EYES,EYES,EYES,EYES,EYES,EYES,EYES,EYES,EYES,EYES,EYES,EYES,EYES,EYES,EYES,EYES,EYES,EYES,EYES,EYES,EYES,EYES,EYES,EYES,EYES,EYES,EYES,EYES,EYES,EYES,EYES
135,build-135-rainbow-covenant,genesis-9_the-rainbow-covenant.mp4,PASS,PASS,PASS,PASS,PASS,PASS,PASS,PASS,PASS(-16.7),PASS,EYES,EYES,EYES,EYES,EYES,EYES,EYES,EYES,EYES,EYES,EYES,EYES,EYES,EYES,EYES,EYES,EYES,EYES,EYES,EYES,EYES,EYES,EYES,EYES,EYES,EYES,EYES,EYES,EYES,EYES,EYES,EYES,EYES,EYES,EYES,EYES,EYES,EYES,EYES,EYES,EYES,EYES
136,build-136-healed-in-two-touches,mark-8_healed-in-two-touches.mp4,PASS,PASS,PASS,PASS,PASS,PASS,PASS,PASS,PASS(-14.8),PASS,EYES,EYES,EYES,EYES,EYES,EYES,EYES,EYES,EYES,EYES,EYES,EYES,EYES,EYES,EYES,EYES,EYES,EYES,EYES,EYES,EYES,EYES,EYES,EYES,EYES,EYES,EYES,EYES,EYES,EYES,EYES,EYES,EYES,EYES,EYES,EYES,EYES,EYES,EYES,EYES,EYES,EYES
137,build-137-stephen-sees-him-standing,acts-7_stephen-sees-him-standing.mp4,PASS,PASS,PASS,PASS,PASS,PASS,FAIL(4.44s),PASS,PASS(-14.8),FAIL,EYES,EYES,EYES,EYES,EYES,EYES,EYES,EYES,EYES,EYES,EYES,EYES,EYES,EYES,EYES,EYES,EYES,EYES,EYES,EYES,EYES,EYES,EYES,EYES,EYES,EYES,EYES,EYES,EYES,EYES,EYES,EYES,EYES,EYES,EYES,EYES,EYES,EYES,EYES,EYES,EYES,EYES
138,build-138-his-offspring,acts-17_we-are-his-offspring.mp4,PASS,PASS,PASS,PASS,PASS,PASS,PASS,PASS,PASS(-14.8),PASS,EYES,EYES,EYES,EYES,EYES,EYES,EYES,EYES,EYES,EYES,EYES,EYES,EYES,EYES,EYES,EYES,EYES,EYES,EYES,EYES,EYES,EYES,EYES,EYES,EYES,EYES,EYES,EYES,EYES,EYES,EYES,EYES,EYES,EYES,EYES,EYES,EYES,EYES,EYES,EYES,EYES,EYES
139,build-139-lamp-on-a-stand,matthew-5_lamp-on-a-stand.mp4,PASS,PASS,PASS,PASS,PASS,PASS,PASS,PASS,PASS(-14.9),PASS,EYES,EYES,EYES,EYES,EYES,EYES,EYES,EYES,EYES,EYES,EYES,EYES,EYES,EYES,EYES,EYES,EYES,EYES,EYES,EYES,EYES,EYES,EYES,EYES,EYES,EYES,EYES,EYES,EYES,EYES,EYES,EYES,EYES,EYES,EYES,EYES,EYES,EYES,EYES,EYES,EYES,EYES
140,build-140-road-runs-both-ways,luke-15_road-runs-both-ways.mp4,PASS,PASS,PASS,PASS,PASS,PASS,PASS,PASS,PASS(-14.9),PASS,EYES,EYES,EYES,EYES,EYES,EYES,EYES,EYES,EYES,EYES,EYES,EYES,EYES,EYES,EYES,EYES,EYES,EYES,EYES,EYES,EYES,EYES,EYES,EYES,EYES,EYES,EYES,EYES,EYES,EYES,EYES,EYES,EYES,EYES,EYES,EYES,EYES,EYES,EYES,EYES,EYES,EYES
141,build-141-bread-of-life,john-6_i-am-the-bread-of-life.mp4,PASS,PASS,PASS,PASS,PASS,PASS,PASS,PASS,PASS(-15.0),PASS,EYES,EYES,EYES,EYES,EYES,EYES,EYES,EYES,EYES,EYES,EYES,EYES,EYES,EYES,EYES,EYES,EYES,EYES,EYES,EYES,EYES,EYES,EYES,EYES,EYES,EYES,EYES,EYES,EYES,EYES,EYES,EYES,EYES,EYES,EYES,EYES,EYES,EYES,EYES,EYES,EYES,EYES
142,build-142-light-of-the-world,john-8_i-am-the-light-of-the-world.mp4,PASS,PASS,PASS,PASS,PASS,PASS,FAIL(4.13s),PASS,PASS(-14.8),FAIL,EYES,EYES,EYES,EYES,EYES,EYES,EYES,EYES,EYES,EYES,EYES,EYES,EYES,EYES,EYES,EYES,EYES,EYES,EYES,EYES,EYES,EYES,EYES,EYES,EYES,EYES,EYES,EYES,EYES,EYES,EYES,EYES,EYES,EYES,EYES,EYES,EYES,EYES,EYES,EYES,EYES,EYES
143,build-143-i-am-the-door,john-10_i-am-the-door.mp4,PASS,PASS,PASS,PASS,PASS,PASS,PASS,PASS,PASS(-14.9),PASS,EYES,EYES,EYES,EYES,EYES,EYES,EYES,EYES,EYES,EYES,EYES,EYES,EYES,EYES,EYES,EYES,EYES,EYES,EYES,EYES,EYES,EYES,EYES,EYES,EYES,EYES,EYES,EYES,EYES,EYES,EYES,EYES,EYES,EYES,EYES,EYES,EYES,EYES,EYES,EYES,EYES,EYES
144,build-144-resurrection-and-the-life,john-11_resurrection-and-the-life.mp4,PASS,PASS,PASS,PASS,PASS,PASS,PASS,PASS,PASS(-14.8),PASS,EYES,EYES,EYES,EYES,EYES,EYES,EYES,EYES,EYES,EYES,EYES,EYES,EYES,EYES,EYES,EYES,EYES,EYES,EYES,EYES,EYES,EYES,EYES,EYES,EYES,EYES,EYES,EYES,EYES,EYES,EYES,EYES,EYES,EYES,EYES,EYES,EYES,EYES,EYES,EYES,EYES,EYES
145,build-145-way-truth-life,john-14_way-truth-life.mp4,PASS,PASS,PASS,PASS,PASS,PASS,PASS,PASS,PASS(-14.8),PASS,EYES,EYES,EYES,EYES,EYES,EYES,EYES,EYES,EYES,EYES,EYES,EYES,EYES,EYES,EYES,EYES,EYES,EYES,EYES,EYES,EYES,EYES,EYES,EYES,EYES,EYES,EYES,EYES,EYES,EYES,EYES,EYES,EYES,EYES,EYES,EYES,EYES,EYES,EYES,EYES,EYES,EYES
146,build-146-vine-and-branches,john-15_vine-and-branches.mp4,PASS,PASS,PASS,PASS,PASS,PASS,PASS,PASS,PASS(-14.9),PASS,EYES,EYES,EYES,EYES,EYES,EYES,EYES,EYES,EYES,EYES,EYES,EYES,EYES,EYES,EYES,EYES,EYES,EYES,EYES,EYES,EYES,EYES,EYES,EYES,EYES,EYES,EYES,EYES,EYES,EYES,EYES,EYES,EYES,EYES,EYES,EYES,EYES,EYES,EYES,EYES,EYES,EYES
147,build-147-joseph-forgives,genesis-45_joseph-forgives.mp4,PASS,PASS,PASS,PASS,PASS,PASS,PASS,PASS,PASS(-14.9),PASS,EYES,EYES,EYES,EYES,EYES,EYES,EYES,EYES,EYES,EYES,EYES,EYES,EYES,EYES,EYES,EYES,EYES,EYES,EYES,EYES,EYES,EYES,EYES,EYES,EYES,EYES,EYES,EYES,EYES,EYES,EYES,EYES,EYES,EYES,EYES,EYES,EYES,EYES,EYES,EYES,EYES,EYES
148,build-148-ruth-and-the-redeemer,ruth-1_ruth-and-the-redeemer.mp4,PASS,PASS,PASS,PASS,PASS,PASS,PASS,PASS,PASS(-14.8),PASS,EYES,EYES,EYES,EYES,EYES,EYES,EYES,EYES,EYES,EYES,EYES,EYES,EYES,EYES,EYES,EYES,EYES,EYES,EYES,EYES,EYES,EYES,EYES,EYES,EYES,EYES,EYES,EYES,EYES,EYES,EYES,EYES,EYES,EYES,EYES,EYES,EYES,EYES,EYES,EYES,EYES,EYES
149,build-149-hannah-is-heard,1-samuel-1_hannah-is-heard.mp4,PASS,PASS,PASS,PASS,PASS,PASS,PASS,PASS,PASS(-14.8),PASS,EYES,EYES,EYES,EYES,EYES,EYES,EYES,EYES,EYES,EYES,EYES,EYES,EYES,EYES,EYES,EYES,EYES,EYES,EYES,EYES,EYES,EYES,EYES,EYES,EYES,EYES,EYES,EYES,EYES,EYES,EYES,EYES,EYES,EYES,EYES,EYES,EYES,EYES,EYES,EYES,EYES,EYES
150,build-150-shepherd-psalm,psalm-23_the-shepherd-psalm.mp4,PASS,PASS,PASS,PASS,PASS,PASS,PASS,PASS,PASS(-14.8),PASS,EYES,EYES,EYES,EYES,EYES,EYES,EYES,EYES,EYES,EYES,EYES,EYES,EYES,EYES,EYES,EYES,EYES,EYES,EYES,EYES,EYES,EYES,EYES,EYES,EYES,EYES,EYES,EYES,EYES,EYES,EYES,EYES,EYES,EYES,EYES,EYES,EYES,EYES,EYES,EYES,EYES,EYES
151,build-151-ask-of-god,james-1_ask-of-god.mp4,PASS,PASS,PASS,PASS,PASS,PASS,PASS,PASS,PASS(-16.7),PASS,EYES,EYES,EYES,EYES,EYES,EYES,EYES,EYES,EYES,EYES,EYES,EYES,EYES,EYES,EYES,EYES,EYES,EYES,EYES,EYES,EYES,EYES,EYES,EYES,EYES,EYES,EYES,EYES,EYES,EYES,EYES,EYES,EYES,EYES,EYES,EYES,EYES,EYES,EYES,EYES,EYES,EYES
152,build-152-revealeth-his-secret,amos-3_revealeth-his-secret.mp4,PASS,PASS,PASS,PASS,PASS,PASS,PASS,PASS,PASS(-16.8),PASS,EYES,EYES,EYES,EYES,EYES,EYES,EYES,EYES,EYES,EYES,EYES,EYES,EYES,EYES,EYES,EYES,EYES,EYES,EYES,EYES,EYES,EYES,EYES,EYES,EYES,EYES,EYES,EYES,EYES,EYES,EYES,EYES,EYES,EYES,EYES,EYES,EYES,EYES,EYES,EYES,EYES,EYES
153,build-153-restitution,acts-3_restitution-of-all-things.mp4,PASS,PASS,PASS,PASS,PASS,PASS,PASS,PASS,PASS(-16.7),PASS,EYES,EYES,EYES,EYES,EYES,EYES,EYES,EYES,EYES,EYES,EYES,EYES,EYES,EYES,EYES,EYES,EYES,EYES,EYES,EYES,EYES,EYES,EYES,EYES,EYES,EYES,EYES,EYES,EYES,EYES,EYES,EYES,EYES,EYES,EYES,EYES,EYES,EYES,EYES,EYES,EYES,EYES
154,build-154-everlasting-gospel,revelation-14_everlasting-gospel.mp4,PASS,PASS,PASS,PASS,PASS,PASS,PASS,PASS,PASS(-16.8),PASS,EYES,EYES,EYES,EYES,EYES,EYES,EYES,EYES,EYES,EYES,EYES,EYES,EYES,EYES,EYES,EYES,EYES,EYES,EYES,EYES,EYES,EYES,EYES,EYES,EYES,EYES,EYES,EYES,EYES,EYES,EYES,EYES,EYES,EYES,EYES,EYES,EYES,EYES,EYES,EYES,EYES,EYES
155,build-155-falling-away,2thessalonians-2_a-falling-away.mp4,PASS,PASS,PASS,PASS,PASS,PASS,PASS,PASS,PASS(-16.8),PASS,EYES,EYES,EYES,EYES,EYES,EYES,EYES,EYES,EYES,EYES,EYES,EYES,EYES,EYES,EYES,EYES,EYES,EYES,EYES,EYES,EYES,EYES,EYES,EYES,EYES,EYES,EYES,EYES,EYES,EYES,EYES,EYES,EYES,EYES,EYES,EYES,EYES,EYES,EYES,EYES,EYES,EYES
156,build-156-famine-of-hearing,amos-8_famine-of-hearing.mp4,PASS,PASS,PASS,PASS,PASS,PASS,PASS,PASS,PASS(-16.7),PASS,EYES,EYES,EYES,EYES,EYES,EYES,EYES,EYES,EYES,EYES,EYES,EYES,EYES,EYES,EYES,EYES,EYES,EYES,EYES,EYES,EYES,EYES,EYES,EYES,EYES,EYES,EYES,EYES,EYES,EYES,EYES,EYES,EYES,EYES,EYES,EYES,EYES,EYES,EYES,EYES,EYES,EYES
157,build-157-marvellous-work,isaiah-29_marvellous-work.mp4,PASS,PASS,PASS,PASS,PASS,PASS,PASS,PASS,PASS(-16.7),PASS,EYES,EYES,EYES,EYES,EYES,EYES,EYES,EYES,EYES,EYES,EYES,EYES,EYES,EYES,EYES,EYES,EYES,EYES,EYES,EYES,EYES,EYES,EYES,EYES,EYES,EYES,EYES,EYES,EYES,EYES,EYES,EYES,EYES,EYES,EYES,EYES,EYES,EYES,EYES,EYES,EYES,EYES
158,build-158-two-sticks,ezekiel-37_two-sticks.mp4,PASS,PASS,PASS,PASS,PASS,PASS,PASS,PASS,PASS(-16.8),PASS,EYES,EYES,EYES,EYES,EYES,EYES,EYES,EYES,EYES,EYES,EYES,EYES,EYES,EYES,EYES,EYES,EYES,EYES,EYES,EYES,EYES,EYES,EYES,EYES,EYES,EYES,EYES,EYES,EYES,EYES,EYES,EYES,EYES,EYES,EYES,EYES,EYES,EYES,EYES,EYES,EYES,EYES
159,build-159-other-sheep,john-10_other-sheep.mp4,PASS,PASS,PASS,PASS,PASS,PASS,PASS,PASS,PASS(-16.8),PASS,EYES,EYES,EYES,EYES,EYES,EYES,EYES,EYES,EYES,EYES,EYES,EYES,EYES,EYES,EYES,EYES,EYES,EYES,EYES,EYES,EYES,EYES,EYES,EYES,EYES,EYES,EYES,EYES,EYES,EYES,EYES,EYES,EYES,EYES,EYES,EYES,EYES,EYES,EYES,EYES,EYES,EYES
160,build-160-stone-cut,daniel-2_stone-cut-without-hands.mp4,PASS,PASS,PASS,PASS,PASS,PASS,PASS,PASS,PASS(-16.8),PASS,EYES,EYES,EYES,EYES,EYES,EYES,EYES,EYES,EYES,EYES,EYES,EYES,EYES,EYES,EYES,EYES,EYES,EYES,EYES,EYES,EYES,EYES,EYES,EYES,EYES,EYES,EYES,EYES,EYES,EYES,EYES,EYES,EYES,EYES,EYES,EYES,EYES,EYES,EYES,EYES,EYES,EYES
161,build-161-called-of-god,hebrews-5_called-of-god.mp4,PASS,PASS,PASS,PASS,PASS,PASS,PASS,PASS,PASS(-16.8),PASS,EYES,EYES,EYES,EYES,EYES,EYES,EYES,EYES,EYES,EYES,EYES,EYES,EYES,EYES,EYES,EYES,EYES,EYES,EYES,EYES,EYES,EYES,EYES,EYES,EYES,EYES,EYES,EYES,EYES,EYES,EYES,EYES,EYES,EYES,EYES,EYES,EYES,EYES,EYES,EYES,EYES,EYES
162,build-162-keys-of-kingdom,matthew-16_keys-of-the-kingdom.mp4,PASS,PASS,PASS,PASS,PASS,PASS,PASS,PASS,PASS(-16.8),PASS,EYES,EYES,EYES,EYES,EYES,EYES,EYES,EYES,EYES,EYES,EYES,EYES,EYES,EYES,EYES,EYES,EYES,EYES,EYES,EYES,EYES,EYES,EYES,EYES,EYES,EYES,EYES,EYES,EYES,EYES,EYES,EYES,EYES,EYES,EYES,EYES,EYES,EYES,EYES,EYES,EYES,EYES
163,build-163-apostles-prophets,ephesians-2_apostles-and-prophets.mp4,PASS,PASS,PASS,PASS,PASS,PASS,PASS,PASS,PASS(-16.6),PASS,EYES,EYES,EYES,EYES,EYES,EYES,EYES,EYES,EYES,EYES,EYES,EYES,EYES,EYES,EYES,EYES,EYES,EYES,EYES,EYES,EYES,EYES,EYES,EYES,EYES,EYES,EYES,EYES,EYES,EYES,EYES,EYES,EYES,EYES,EYES,EYES,EYES,EYES,EYES,EYES,EYES,EYES
164,build-164-unity-of-faith,ephesians-4_unity-of-the-faith.mp4,PASS,PASS,PASS,PASS,PASS,PASS,PASS,PASS,PASS(-16.7),PASS,EYES,EYES,EYES,EYES,EYES,EYES,EYES,EYES,EYES,EYES,EYES,EYES,EYES,EYES,EYES,EYES,EYES,EYES,EYES,EYES,EYES,EYES,EYES,EYES,EYES,EYES,EYES,EYES,EYES,EYES,EYES,EYES,EYES,EYES,EYES,EYES,EYES,EYES,EYES,EYES,EYES,EYES
165,build-165-laying-on-hands,acts-8_laying-on-of-hands.mp4,PASS,PASS,PASS,PASS,PASS,PASS,PASS,PASS,PASS(-16.8),PASS,EYES,EYES,EYES,EYES,EYES,EYES,EYES,EYES,EYES,EYES,EYES,EYES,EYES,EYES,EYES,EYES,EYES,EYES,EYES,EYES,EYES,EYES,EYES,EYES,EYES,EYES,EYES,EYES,EYES,EYES,EYES,EYES,EYES,EYES,EYES,EYES,EYES,EYES,EYES,EYES,EYES,EYES
166,build-166-baptized-properly,acts-19_baptized-again-properly.mp4,PASS,PASS,PASS,PASS,PASS,PASS,PASS,PASS,PASS(-16.7),PASS,EYES,EYES,EYES,EYES,EYES,EYES,EYES,EYES,EYES,EYES,EYES,EYES,EYES,EYES,EYES,EYES,EYES,EYES,EYES,EYES,EYES,EYES,EYES,EYES,EYES,EYES,EYES,EYES,EYES,EYES,EYES,EYES,EYES,EYES,EYES,EYES,EYES,EYES,EYES,EYES,EYES,EYES
167,build-167-chosen-ordained,john-15_chosen-and-ordained.mp4,PASS,PASS,PASS,PASS,PASS,PASS,PASS,PASS,PASS(-16.8),PASS,EYES,EYES,EYES,EYES,EYES,EYES,EYES,EYES,EYES,EYES,EYES,EYES,EYES,EYES,EYES,EYES,EYES,EYES,EYES,EYES,EYES,EYES,EYES,EYES,EYES,EYES,EYES,EYES,EYES,EYES,EYES,EYES,EYES,EYES,EYES,EYES,EYES,EYES,EYES,EYES,EYES,EYES
168,build-168-born-water-spirit,john-3_born-of-water-and-spirit.mp4,PASS,PASS,PASS,PASS,PASS,PASS,PASS,PASS,PASS(-16.7),PASS,EYES,EYES,EYES,EYES,EYES,EYES,EYES,EYES,EYES,EYES,EYES,EYES,EYES,EYES,EYES,EYES,EYES,EYES,EYES,EYES,EYES,EYES,EYES,EYES,EYES,EYES,EYES,EYES,EYES,EYES,EYES,EYES,EYES,EYES,EYES,EYES,EYES,EYES,EYES,EYES,EYES,EYES
169,build-169-fulfil-righteousness,matthew-3_fulfil-all-righteousness.mp4,PASS,PASS,PASS,PASS,PASS,PASS,PASS,PASS,PASS(-16.7),PASS,EYES,EYES,EYES,EYES,EYES,EYES,EYES,EYES,EYES,EYES,EYES,EYES,EYES,EYES,EYES,EYES,EYES,EYES,EYES,EYES,EYES,EYES,EYES,EYES,EYES,EYES,EYES,EYES,EYES,EYES,EYES,EYES,EYES,EYES,EYES,EYES,EYES,EYES,EYES,EYES,EYES,EYES
170,build-170-sacrament-worthily,1corinthians-11_the-sacrament-worthily.mp4,PASS,PASS,PASS,PASS,PASS,PASS,PASS,PASS,PASS(-16.8),PASS,EYES,EYES,EYES,EYES,EYES,EYES,EYES,EYES,EYES,EYES,EYES,EYES,EYES,EYES,EYES,EYES,EYES,EYES,EYES,EYES,EYES,EYES,EYES,EYES,EYES,EYES,EYES,EYES,EYES,EYES,EYES,EYES,EYES,EYES,EYES,EYES,EYES,EYES,EYES,EYES,EYES,EYES
171,build-171-baptized-for-the-dead,1-corinthians-15_baptized-for-the-dead.mp4,PASS,PASS,PASS,PASS,PASS,PASS,PASS,PASS,PASS(-14.8),PASS,EYES,EYES,EYES,EYES,EYES,EYES,EYES,EYES,EYES,EYES,EYES,EYES,EYES,EYES,EYES,EYES,EYES,EYES,EYES,EYES,EYES,EYES,EYES,EYES,EYES,EYES,EYES,EYES,EYES,EYES,EYES,EYES,EYES,EYES,EYES,EYES,EYES,EYES,EYES,EYES,EYES,EYES
172,build-172-gospel-preached-to-the-dead,1-peter-4_gospel-preached-to-the-dead.mp4,PASS,PASS,PASS,PASS,PASS,PASS,PASS,PASS,PASS(-14.9),PASS,EYES,EYES,EYES,EYES,EYES,EYES,EYES,EYES,EYES,EYES,EYES,EYES,EYES,EYES,EYES,EYES,EYES,EYES,EYES,EYES,EYES,EYES,EYES,EYES,EYES,EYES,EYES,EYES,EYES,EYES,EYES,EYES,EYES,EYES,EYES,EYES,EYES,EYES,EYES,EYES,EYES,EYES
173,build-173-dead-shall-hear,john-5_dead-shall-hear.mp4,PASS,PASS,PASS,PASS,PASS,PASS,PASS,PASS,PASS(-14.8),PASS,EYES,EYES,EYES,EYES,EYES,EYES,EYES,EYES,EYES,EYES,EYES,EYES,EYES,EYES,EYES,EYES,EYES,EYES,EYES,EYES,EYES,EYES,EYES,EYES,EYES,EYES,EYES,EYES,EYES,EYES,EYES,EYES,EYES,EYES,EYES,EYES,EYES,EYES,EYES,EYES,EYES,EYES
174,build-174-hearts-of-the-fathers,malachi-4_hearts-of-the-fathers.mp4,PASS,PASS,PASS,PASS,PASS,PASS,PASS,PASS,PASS(-14.9),PASS,EYES,EYES,EYES,EYES,EYES,EYES,EYES,EYES,EYES,EYES,EYES,EYES,EYES,EYES,EYES,EYES,EYES,EYES,EYES,EYES,EYES,EYES,EYES,EYES,EYES,EYES,EYES,EYES,EYES,EYES,EYES,EYES,EYES,EYES,EYES,EYES,EYES,EYES,EYES,EYES,EYES,EYES
175,build-175-mountain-of-the-lords-house,isaiah-2_mountain-of-the-lords-house.mp4,PASS,PASS,PASS,PASS,PASS,PASS,PASS,PASS,PASS(-15.0),PASS,EYES,EYES,EYES,EYES,EYES,EYES,EYES,EYES,EYES,EYES,EYES,EYES,EYES,EYES,EYES,EYES,EYES,EYES,EYES,EYES,EYES,EYES,EYES,EYES,EYES,EYES,EYES,EYES,EYES,EYES,EYES,EYES,EYES,EYES,EYES,EYES,EYES,EYES,EYES,EYES,EYES,EYES
176,build-176-who-shall-ascend,psalm-24_who-shall-ascend.mp4,PASS,PASS,PASS,PASS,PASS,PASS,PASS,PASS,PASS(-14.8),PASS,EYES,EYES,EYES,EYES,EYES,EYES,EYES,EYES,EYES,EYES,EYES,EYES,EYES,EYES,EYES,EYES,EYES,EYES,EYES,EYES,EYES,EYES,EYES,EYES,EYES,EYES,EYES,EYES,EYES,EYES,EYES,EYES,EYES,EYES,EYES,EYES,EYES,EYES,EYES,EYES,EYES,EYES
177,build-177-make-me-a-sanctuary,exodus-25_make-me-a-sanctuary.mp4,PASS,PASS,PASS,PASS,PASS,PASS,PASS,PASS,PASS(-14.8),PASS,EYES,EYES,EYES,EYES,EYES,EYES,EYES,EYES,EYES,EYES,EYES,EYES,EYES,EYES,EYES,EYES,EYES,EYES,EYES,EYES,EYES,EYES,EYES,EYES,EYES,EYES,EYES,EYES,EYES,EYES,EYES,EYES,EYES,EYES,EYES,EYES,EYES,EYES,EYES,EYES,EYES,EYES
178,build-178-in-our-image,genesis-1_in-our-image.mp4,PASS,PASS,PASS,PASS,PASS,PASS,PASS,PASS,PASS(-14.8),PASS,EYES,EYES,EYES,EYES,EYES,EYES,EYES,EYES,EYES,EYES,EYES,EYES,EYES,EYES,EYES,EYES,EYES,EYES,EYES,EYES,EYES,EYES,EYES,EYES,EYES,EYES,EYES,EYES,EYES,EYES,EYES,EYES,EYES,EYES,EYES,EYES,EYES,EYES,EYES,EYES,EYES,EYES
179,build-179-stephens-witness,acts-7_stephens-witness.mp4,PASS,PASS,PASS,PASS,PASS,PASS,PASS,PASS,PASS(-14.9),PASS,EYES,EYES,EYES,EYES,EYES,EYES,EYES,EYES,EYES,EYES,EYES,EYES,EYES,EYES,EYES,EYES,EYES,EYES,EYES,EYES,EYES,EYES,EYES,EYES,EYES,EYES,EYES,EYES,EYES,EYES,EYES,EYES,EYES,EYES,EYES,EYES,EYES,EYES,EYES,EYES,EYES,EYES
180,build-180-before-i-formed-thee,jeremiah-1_before-i-formed-thee.mp4,PASS,PASS,PASS,PASS,PASS,PASS,PASS,PASS,PASS(-14.8),PASS,EYES,EYES,EYES,EYES,EYES,EYES,EYES,EYES,EYES,EYES,EYES,EYES,EYES,EYES,EYES,EYES,EYES,EYES,EYES,EYES,EYES,EYES,EYES,EYES,EYES,EYES,EYES,EYES,EYES,EYES,EYES,EYES,EYES,EYES,EYES,EYES,EYES,EYES,EYES,EYES,EYES,EYES
181,build-181-morning-stars-sang,job-38_morning-stars-sang.mp4,PASS,PASS,PASS,PASS,PASS,PASS,PASS,PASS,PASS(-14.8),PASS,EYES,EYES,EYES,EYES,EYES,EYES,EYES,EYES,EYES,EYES,EYES,EYES,EYES,EYES,EYES,EYES,EYES,EYES,EYES,EYES,EYES,EYES,EYES,EYES,EYES,EYES,EYES,EYES,EYES,EYES,EYES,EYES,EYES,EYES,EYES,EYES,EYES,EYES,EYES,EYES,EYES,EYES
182,build-182-spirit-returns-to-god,ecclesiastes-12_the-spirit-returns-to-god.mp4,PASS,PASS,PASS,PASS,PASS,PASS,PASS,PASS,PASS(-14.8),PASS,EYES,EYES,EYES,EYES,EYES,EYES,EYES,EYES,EYES,EYES,EYES,EYES,EYES,EYES,EYES,EYES,EYES,EYES,EYES,EYES,EYES,EYES,EYES,EYES,EYES,EYES,EYES,EYES,EYES,EYES,EYES,EYES,EYES,EYES,EYES,EYES,EYES,EYES,EYES,EYES,EYES,EYES
183,build-183-sun-moon-and-stars,1corinthians-15_sun-moon-and-stars.mp4,PASS,PASS,PASS,PASS,PASS,PASS,PASS,PASS,PASS(-14.8),PASS,EYES,EYES,EYES,EYES,EYES,EYES,EYES,EYES,EYES,EYES,EYES,EYES,EYES,EYES,EYES,EYES,EYES,EYES,EYES,EYES,EYES,EYES,EYES,EYES,EYES,EYES,EYES,EYES,EYES,EYES,EYES,EYES,EYES,EYES,EYES,EYES,EYES,EYES,EYES,EYES,EYES,EYES
184,build-184-third-heaven,2corinthians-12_caught-up-to-the-third-heaven.mp4,PASS,PASS,PASS,PASS,PASS,PASS,PASS,PASS,PASS(-14.9),PASS,EYES,EYES,EYES,EYES,EYES,EYES,EYES,EYES,EYES,EYES,EYES,EYES,EYES,EYES,EYES,EYES,EYES,EYES,EYES,EYES,EYES,EYES,EYES,EYES,EYES,EYES,EYES,EYES,EYES,EYES,EYES,EYES,EYES,EYES,EYES,EYES,EYES,EYES,EYES,EYES,EYES,EYES
185,build-185-many-mansions-member,john-14_in-my-fathers-house.mp4,PASS,PASS,PASS,PASS,PASS,PASS,PASS,PASS,PASS(-14.8),PASS,EYES,EYES,EYES,EYES,EYES,EYES,EYES,EYES,EYES,EYES,EYES,EYES,EYES,EYES,EYES,EYES,EYES,EYES,EYES,EYES,EYES,EYES,EYES,EYES,EYES,EYES,EYES,EYES,EYES,EYES,EYES,EYES,EYES,EYES,EYES,EYES,EYES,EYES,EYES,EYES,EYES,EYES
186,build-186-joint-heirs,romans-8_heirs-of-god.mp4,PASS,PASS,PASS,PASS,PASS,PASS,PASS,PASS,PASS(-14.9),PASS,EYES,EYES,EYES,EYES,EYES,EYES,EYES,EYES,EYES,EYES,EYES,EYES,EYES,EYES,EYES,EYES,EYES,EYES,EYES,EYES,EYES,EYES,EYES,EYES,EYES,EYES,EYES,EYES,EYES,EYES,EYES,EYES,EYES,EYES,EYES,EYES,EYES,EYES,EYES,EYES,EYES,EYES
187,build-187-ye-are-gods,john-10_ye-are-gods.mp4,PASS,PASS,PASS,PASS,PASS,PASS,PASS,PASS,PASS(-14.7),PASS,EYES,EYES,EYES,EYES,EYES,EYES,EYES,EYES,EYES,EYES,EYES,EYES,EYES,EYES,EYES,EYES,EYES,EYES,EYES,EYES,EYES,EYES,EYES,EYES,EYES,EYES,EYES,EYES,EYES,EYES,EYES,EYES,EYES,EYES,EYES,EYES,EYES,EYES,EYES,EYES,EYES,EYES
188,build-188-be-ye-therefore-perfect,matthew-5_be-ye-therefore-perfect.mp4,PASS,PASS,PASS,PASS,PASS,PASS,PASS,PASS,PASS(-15.0),PASS,EYES,EYES,EYES,EYES,EYES,EYES,EYES,EYES,EYES,EYES,EYES,EYES,EYES,EYES,EYES,EYES,EYES,EYES,EYES,EYES,EYES,EYES,EYES,EYES,EYES,EYES,EYES,EYES,EYES,EYES,EYES,EYES,EYES,EYES,EYES,EYES,EYES,EYES,EYES,EYES,EYES,EYES
189,build-189-to-him-that-overcometh,revelation-3_to-him-that-overcometh.mp4,PASS,PASS,PASS,PASS,PASS,PASS,PASS,PASS,PASS(-14.9),PASS,EYES,EYES,EYES,EYES,EYES,EYES,EYES,EYES,EYES,EYES,EYES,EYES,EYES,EYES,EYES,EYES,EYES,EYES,EYES,EYES,EYES,EYES,EYES,EYES,EYES,EYES,EYES,EYES,EYES,EYES,EYES,EYES,EYES,EYES,EYES,EYES,EYES,EYES,EYES,EYES,EYES,EYES
190,build-190-faith-without-works,james-2_faith-without-works.mp4,PASS,PASS,PASS,PASS,PASS,PASS,PASS,PASS,PASS(-14.8),PASS,EYES,EYES,EYES,EYES,EYES,EYES,EYES,EYES,EYES,EYES,EYES,EYES,EYES,EYES,EYES,EYES,EYES,EYES,EYES,EYES,EYES,EYES,EYES,EYES,EYES,EYES,EYES,EYES,EYES,EYES,EYES,EYES,EYES,EYES,EYES,EYES,EYES,EYES,EYES,EYES,EYES,EYES
191,build-191-windows-of-heaven,malachi-3_windows-of-heaven.mp4,PASS,PASS,PASS,PASS,PASS,PASS,PASS,PASS,PASS(-14.8),PASS,EYES,EYES,EYES,EYES,EYES,EYES,EYES,EYES,EYES,EYES,EYES,EYES,EYES,EYES,EYES,EYES,EYES,EYES,EYES,EYES,EYES,EYES,EYES,EYES,EYES,EYES,EYES,EYES,EYES,EYES,EYES,EYES,EYES,EYES,EYES,EYES,EYES,EYES,EYES,EYES,EYES,EYES
192,build-192-the-fast-god-has-chosen,isaiah-58_the-fast-god-has-chosen.mp4,PASS,PASS,PASS,PASS,PASS,PASS,PASS,PASS,PASS(-14.9),PASS,EYES,EYES,EYES,EYES,EYES,EYES,EYES,EYES,EYES,EYES,EYES,EYES,EYES,EYES,EYES,EYES,EYES,EYES,EYES,EYES,EYES,EYES,EYES,EYES,EYES,EYES,EYES,EYES,EYES,EYES,EYES,EYES,EYES,EYES,EYES,EYES,EYES,EYES,EYES,EYES,EYES,EYES
193,build-193-the-comforter,john-14_the-comforter.mp4,PASS,PASS,PASS,PASS,PASS,PASS,PASS,PASS,PASS(-14.9),PASS,EYES,EYES,EYES,EYES,EYES,EYES,EYES,EYES,EYES,EYES,EYES,EYES,EYES,EYES,EYES,EYES,EYES,EYES,EYES,EYES,EYES,EYES,EYES,EYES,EYES,EYES,EYES,EYES,EYES,EYES,EYES,EYES,EYES,EYES,EYES,EYES,EYES,EYES,EYES,EYES,EYES,EYES
194,build-194-fruit-of-the-spirit,galatians-5_fruit-of-the-spirit.mp4,PASS,PASS,PASS,PASS,PASS,PASS,PASS,PASS,PASS(-14.9),PASS,EYES,EYES,EYES,EYES,EYES,EYES,EYES,EYES,EYES,EYES,EYES,EYES,EYES,EYES,EYES,EYES,EYES,EYES,EYES,EYES,EYES,EYES,EYES,EYES,EYES,EYES,EYES,EYES,EYES,EYES,EYES,EYES,EYES,EYES,EYES,EYES,EYES,EYES,EYES,EYES,EYES,EYES
195,build-195-prove-all-things,1thessalonians-5_prove-all-things.mp4,PASS,PASS,PASS,PASS,PASS,PASS,PASS,PASS,PASS(-14.9),PASS,EYES,EYES,EYES,EYES,EYES,EYES,EYES,EYES,EYES,EYES,EYES,EYES,EYES,EYES,EYES,EYES,EYES,EYES,EYES,EYES,EYES,EYES,EYES,EYES,EYES,EYES,EYES,EYES,EYES,EYES,EYES,EYES,EYES,EYES,EYES,EYES,EYES,EYES,EYES,EYES,EYES,EYES
196,build-196-would-god-all-were-prophets,numbers-11_would-god-all-were-prophets.mp4,PASS,PASS,PASS,PASS,PASS,PASS,PASS,PASS,PASS(-14.8),PASS,EYES,EYES,EYES,EYES,EYES,EYES,EYES,EYES,EYES,EYES,EYES,EYES,EYES,EYES,EYES,EYES,EYES,EYES,EYES,EYES,EYES,EYES,EYES,EYES,EYES,EYES,EYES,EYES,EYES,EYES,EYES,EYES,EYES,EYES,EYES,EYES,EYES,EYES,EYES,EYES,EYES,EYES
197,build-197-sons-and-daughters-prophesy,joel-2_sons-and-daughters-prophesy.mp4,PASS,PASS,PASS,PASS,PASS,PASS,PASS,PASS,PASS(-14.9),PASS,EYES,EYES,EYES,EYES,EYES,EYES,EYES,EYES,EYES,EYES,EYES,EYES,EYES,EYES,EYES,EYES,EYES,EYES,EYES,EYES,EYES,EYES,EYES,EYES,EYES,EYES,EYES,EYES,EYES,EYES,EYES,EYES,EYES,EYES,EYES,EYES,EYES,EYES,EYES,EYES,EYES,EYES
198,build-198-ensign-for-the-nations,isaiah-11_ensign-for-the-nations.mp4,PASS,PASS,PASS,PASS,PASS,PASS,PASS,PASS,PASS(-14.9),PASS,EYES,EYES,EYES,EYES,EYES,EYES,EYES,EYES,EYES,EYES,EYES,EYES,EYES,EYES,EYES,EYES,EYES,EYES,EYES,EYES,EYES,EYES,EYES,EYES,EYES,EYES,EYES,EYES,EYES,EYES,EYES,EYES,EYES,EYES,EYES,EYES,EYES,EYES,EYES,EYES,EYES,EYES
199,build-199-fishers-and-hunters,jeremiah-16_fishers-and-hunters.mp4,PASS,PASS,PASS,PASS,PASS,PASS,PASS,PASS,PASS(-14.9),PASS,EYES,EYES,EYES,EYES,EYES,EYES,EYES,EYES,EYES,EYES,EYES,EYES,EYES,EYES,EYES,EYES,EYES,EYES,EYES,EYES,EYES,EYES,EYES,EYES,EYES,EYES,EYES,EYES,EYES,EYES,EYES,EYES,EYES,EYES,EYES,EYES,EYES,EYES,EYES,EYES,EYES,EYES
200,build-200-gospel-to-all-the-world,matthew-24_gospel-to-all-the-world.mp4,PASS,PASS,PASS,PASS,PASS,PASS,PASS,PASS,PASS(-14.9),PASS,EYES,EYES,EYES,EYES,EYES,EYES,EYES,EYES,EYES,EYES,EYES,EYES,EYES,EYES,EYES,EYES,EYES,EYES,EYES,EYES,EYES,EYES,EYES,EYES,EYES,EYES,EYES,EYES,EYES,EYES,EYES,EYES,EYES,EYES,EYES,EYES,EYES,EYES,EYES,EYES,EYES,EYES
